Id,Label
0,19
1,13
2,20
3,16
4,11
5,13
6,11
7,0
8,24
9,2
10,7
11,23
12,25
13,6
14,16
15,8
16,8
17,21
18,20
19,15
20,5
21,7
22,0
23,8
24,22
25,25
26,22
27,15
28,12
29,11
30,24
31,10
32,4
33,11
34,3
35,9
36,7
37,4
38,3
39,10
40,20
41,21
42,12
43,19
44,3
45,24
46,0
47,6
48,19
49,1
50,5
51,0
52,19
53,1
54,14
55,15
56,16
57,12
58,3
59,10
60,24
61,19
62,9
63,10
64,20
65,24
66,21
67,17
68,17
69,12
70,13
71,21
72,3
73,9
74,3
75,19
76,11
77,15
78,11
79,18
80,19
81,5
82,11
83,16
84,18
85,1
86,13
87,7
88,5
89,20
90,6
91,13
92,14
93,14
94,24
95,11
96,12
97,7
98,8
99,21
100,20
101,0
102,20
103,6
104,19
105,8
106,9
107,18
108,25
109,12
110,15
111,16
112,13
113,2
114,0
115,1
116,0
117,11
118,4
119,6
120,4
121,8
122,20
123,5
124,19
125,0
126,18
127,22
128,6
129,14
130,25
131,17
132,18
133,8
134,14
135,2
136,24
137,19
138,0
139,10
140,7
141,7
142,22
143,5
144,21
145,8
146,11
147,8
148,3
149,20
150,9
151,7
152,6
153,25
154,18
155,19
156,18
157,1
158,23
159,15
160,18
161,2
162,5
163,23
164,9
165,5
166,14
167,16
168,13
169,6
170,10
171,24
172,20
173,20
174,21
175,4
176,22
177,6
178,21
179,9
180,16
181,23
182,17
183,12
184,17
185,12
186,12
187,8
188,8
189,19
190,1
191,1
192,6
193,16
194,25
195,16
196,1
197,1
198,4
199,23
200,1
201,8
202,16
203,18
204,10
205,14
206,14
207,4
208,10
209,4
210,5
211,0
212,22
213,3
214,13
215,0
216,13
217,23
218,6
219,8
220,15
221,3
222,11
223,21
224,0
225,9
226,25
227,9
228,1
229,10
230,6
231,10
232,19
233,15
234,14
235,20
236,16
237,2
238,3
239,18
240,1
241,10
242,2
243,2
244,13
245,19
246,14
247,21
248,20
249,16
250,8
251,21
252,14
253,12
254,6
255,4
256,22
257,10
258,23
259,10
260,17
261,25
262,21
263,21
264,20
265,7
266,20
267,24
268,1
269,4
270,1
271,4
272,4
273,17
274,23
275,12
276,23
277,14
278,10
279,20
280,14
281,10
282,20
283,11
284,18
285,22
286,24
287,3
288,11
289,2
290,17
291,2
292,16
293,7
294,24
295,2
296,5
297,0
298,7
299,11
300,19
301,5
302,21
303,21
304,4
305,10
306,0
307,24
308,3
309,21
310,17
311,7
312,5
313,18
314,21
315,6
316,14
317,24
318,4
319,12
320,5
321,22
322,17
323,25
324,17
325,4
326,17
327,12
328,3
329,12
330,21
331,6
332,21
333,16
334,18
335,4
336,7
337,9
338,15
339,8
340,12
341,5
342,9
343,25
344,11
345,1
346,18
347,7
348,2
349,22
350,1
351,21
352,22
353,16
354,12
355,18
356,16
357,17
358,12
359,3
360,11
361,16
362,22
363,9
364,12
365,21
366,9
367,4
368,14
369,21
370,14
371,4
372,16
373,21
374,6
375,17
376,6
377,2
378,12
379,0
380,16
381,25
382,3
383,13
384,3
385,20
386,9
387,10
388,8
389,17
390,20
391,1
392,7
393,21
394,10
395,11
396,10
397,14
398,5
399,4
400,23
401,16
402,1
403,15
404,14
405,16
406,10
407,17
408,24
409,15
410,3
411,2
412,1
413,6
414,3
415,20
416,20
417,14
418,11
419,18
420,15
421,22
422,5
423,14
424,20
425,23
426,16
427,21
428,10
429,8
430,20
431,2
432,6
433,19
434,7
435,21
436,3
437,8
438,19
439,3
440,25
441,13
442,19
443,3
444,6
445,24
446,12
447,14
448,3
449,14
450,22
451,13
452,17
453,4
454,9
455,7
456,5
457,9
458,9
459,15
460,0
461,17
462,20
463,21
464,15
465,11
466,0
467,10
468,17
469,25
470,9
471,16
472,23
473,13
474,11
475,20
476,23
477,16
478,0
479,17
480,12
481,9
482,7
483,12
484,19
485,6
486,0
487,22
488,18
489,10
490,15
491,10
492,15
493,24
494,24
495,24
496,22
497,13
498,18
499,23
500,25
501,6
502,1
503,12
504,6
505,8
506,23
507,3
508,24
509,17
510,21
511,21
512,9
513,6
514,22
515,25
516,8
517,3
518,5
519,19
520,6
521,18
522,1
523,11
524,4
525,7
526,9
527,19
528,18
529,3
530,13
531,6
532,2
533,15
534,21
535,14
536,21
537,23
538,10
539,2
540,19
541,24
542,14
543,19
544,3
545,12
546,3
547,5
548,4
549,22
550,5
551,17
552,9
553,16
554,20
555,3
556,13
557,24
558,8
559,4
560,15
561,25
562,18
563,18
564,23
565,18
566,18
567,23
568,19
569,4
570,22
571,12
572,22
573,1
574,3
575,13
576,19
577,23
578,19
579,21
580,8
581,21
582,16
583,7
584,0
585,1
586,18
587,20
588,3
589,18
590,21
591,17
592,16
593,2
594,20
595,11
596,17
597,3
598,19
599,23
600,20
601,11
602,23
603,3
604,8
605,0
606,5
607,22
608,13
609,0
610,24
611,18
612,19
613,18
614,20
615,9
616,9
617,1
618,22
619,2
620,5
621,12
622,19
623,12
624,3
625,14
626,13
627,18
628,14
629,8
630,7
631,15
632,24
633,2
634,4
635,13
636,13
637,17
638,0
639,2
640,15
641,20
642,24
643,13
644,5
645,20
646,14
647,0
648,16
649,19
650,20
651,22
652,18
653,4
654,5
655,24
656,8
657,15
658,18
659,9
660,10
661,8
662,21
663,6
664,17
665,15
666,17
667,22
668,17
669,14
670,2
671,17
672,0
673,18
674,25
675,2
676,19
677,8
678,19
679,8
680,12
681,17
682,16
683,11
684,20
685,21
686,10
687,2
688,4
689,24
690,11
691,17
692,20
693,16
694,3
695,8
696,17
697,18
698,18
699,19
700,5
701,14
702,22
703,7
704,7
705,6
706,12
707,10
708,1
709,7
710,4
711,18
712,5
713,24
714,10
715,18
716,14
717,4
718,24
719,8
720,25
721,21
722,14
723,2
724,21
725,2
726,22
727,18
728,22
729,17
730,16
731,19
732,7
733,1
734,13
735,15
736,7
737,22
738,6
739,4
740,25
741,6
742,17
743,0
744,10
745,13
746,16
747,1
748,1
749,1
750,22
751,0
752,1
753,2
754,22
755,8
756,23
757,22
758,20
759,18
760,16
761,11
762,0
763,18
764,0
765,17
766,7
767,1
768,15
769,3
770,5
771,7
772,16
773,11
774,19
775,24
776,2
777,0
778,6
779,14
780,13
781,16
782,12
783,19
784,5
785,24
786,17
787,2
788,5
789,23
790,12
791,12
792,5
793,10
794,15
795,11
796,6
797,5
798,14
799,9
800,13
801,15
802,19
803,2
804,0
805,14
806,11
807,15
808,14
809,17
810,13
811,4
812,13
813,5
814,15
815,5
816,5
817,3
818,6
819,7
820,11
821,11
822,12
823,15
824,25
825,21
826,1
827,5
828,2
829,18
830,19
831,23
832,1
833,1
834,24
835,17
836,1
837,12
838,4
839,17
840,8
841,13
842,5
843,2
844,16
845,1
846,25
847,20
848,22
849,10
850,12
851,19
852,8
853,1
854,3
855,0
856,1
857,0
858,0
859,10
860,8
861,3
862,11
863,18
864,3
865,18
866,12
867,6
868,3
869,11
870,9
871,6
872,25
873,6
874,4
875,16
876,20
877,18
878,23
879,11
880,24
881,24
882,5
883,2
884,6
885,20
886,10
887,22
888,22
889,3
890,11
891,8
892,8
893,8
894,19
895,8
896,4
897,11
898,16
899,21
900,5
901,18
902,14
903,14
904,16
905,21
906,10
907,25
908,2
909,10
910,3
911,21
912,11
913,1
914,15
915,13
916,11
917,0
918,25
919,3
920,16
921,16
922,17
923,24
924,11
925,12
926,20
927,11
928,3
929,11
930,21
931,16
932,25
933,11
934,18
935,9
936,23
937,20
938,20
939,15
940,3
941,24
942,6
943,3
944,8
945,15
946,5
947,15
948,4
949,1
950,17
951,20
952,13
953,12
954,21
955,15
956,6
957,6
958,0
959,16
960,19
961,3
962,25
963,13
964,18
965,5
966,9
967,8
968,23
969,17
970,2
971,7
972,2
973,7
974,22
975,24
976,13
977,7
978,1
979,17
980,8
981,23
982,15
983,15
984,0
985,14
986,3
987,24
988,0
989,21
990,3
991,21
992,7
993,25
994,17
995,2
996,25
997,8
998,18
999,16
1000,9
1001,14
1002,5
1003,2
1004,25
1005,2
1006,5
1007,11
1008,7
1009,3
1010,20
1011,24
1012,24
1013,11
1014,17
1015,4
1016,2
1017,19
1018,13
1019,5
1020,24
1021,22
1022,20
1023,24
1024,19
1025,13
1026,4
1027,4
1028,11
1029,18
1030,25
1031,23
1032,20
1033,15
1034,7
1035,16
1036,4
1037,14
1038,20
1039,9
1040,9
1041,3
1042,22
1043,13
1044,10
1045,19
1046,13
1047,15
1048,7
1049,6
1050,0
1051,0
1052,9
1053,21
1054,22
1055,17
1056,0
1057,4
1058,0
1059,15
1060,11
1061,24
1062,20
1063,23
1064,23
1065,22
1066,12
1067,22
1068,8
1069,19
1070,4
1071,20
1072,7
1073,4
1074,16
1075,1
1076,17
1077,21
1078,24
1079,20
1080,15
1081,23
1082,6
1083,10
1084,8
1085,3
1086,23
1087,11
1088,16
1089,4
1090,0
1091,21
1092,13
1093,9
1094,13
1095,15
1096,11
1097,23
1098,13
1099,2
1100,15
1101,14
1102,1
1103,9
1104,19
1105,12
1106,9
1107,17
1108,19
1109,0
1110,7
1111,1
1112,10
1113,13
1114,3
1115,15
1116,5
1117,23
1118,24
1119,0
1120,19
1121,2
1122,17
1123,6
1124,18
1125,1
1126,20
1127,13
1128,25
1129,6
1130,16
1131,12
1132,10
1133,25
1134,16
1135,5
1136,15
1137,3
1138,24
1139,13
1140,25
1141,13
1142,22
1143,9
1144,0
1145,20
1146,15
1147,20
1148,4
1149,9
1150,2
1151,21
1152,2
1153,17
1154,1
1155,13
1156,8
1157,23
1158,11
1159,20
1160,25
1161,2
1162,16
1163,16
1164,23
1165,8
1166,18
1167,16
1168,24
1169,6
1170,16
1171,13
1172,10
1173,12
1174,6
1175,24
1176,2
1177,18
1178,21
1179,7
1180,12
1181,11
1182,16
1183,23
1184,13
1185,5
1186,19
1187,19
1188,17
1189,23
1190,25
1191,2
1192,10
1193,1
1194,9
1195,21
1196,22
1197,15
1198,12
1199,18
1200,1
1201,16
1202,23
1203,19
1204,21
1205,3
1206,20
1207,25
1208,24
1209,9
1210,9
1211,14
1212,15
1213,7
1214,0
1215,7
1216,13
1217,5
1218,1
1219,25
1220,7
1221,17
1222,1
1223,2
1224,17
1225,1
1226,16
1227,10
1228,3
1229,16
1230,20
1231,7
1232,22
1233,21
1234,20
1235,0
1236,24
1237,24
1238,24
1239,7
1240,3
1241,11
1242,13
1243,15
1244,15
1245,19
1246,3
1247,14
1248,19
1249,12
1250,22
1251,19
1252,2
1253,9
1254,18
1255,5
1256,24
1257,19
1258,2
1259,14
1260,11
1261,2
1262,7
1263,15
1264,24
1265,25
1266,22
1267,14
1268,14
1269,23
1270,2
1271,24
1272,12
1273,19
1274,0
1275,10
1276,3
1277,8
1278,1
1279,12
1280,12
1281,22
1282,0
1283,21
1284,4
1285,8
1286,24
1287,5
1288,19
1289,25
1290,11
1291,3
1292,11
1293,23
1294,22
1295,1
1296,14
1297,20
1298,16
1299,11
1300,7
1301,23
1302,10
1303,20
1304,14
1305,5
1306,23
1307,11
1308,2
1309,25
1310,19
1311,16
1312,7
1313,7
1314,12
1315,17
1316,17
1317,6
1318,9
1319,1
1320,16
1321,12
1322,22
1323,22
1324,16
1325,13
1326,7
1327,6
1328,23
1329,0
1330,19
1331,5
1332,23
1333,3
1334,20
1335,18
1336,24
1337,11
1338,1
1339,15
1340,22
1341,11
1342,6
1343,15
1344,22
1345,7
1346,1
1347,14
1348,4
1349,19
1350,21
1351,11
1352,16
1353,25
1354,6
1355,6
1356,19
1357,12
1358,24
1359,19
1360,1
1361,21
1362,10
1363,4
1364,25
1365,5
1366,20
1367,17
1368,6
1369,18
1370,0
1371,11
1372,7
1373,19
1374,25
1375,23
1376,21
1377,9
1378,3
1379,11
1380,4
1381,16
1382,20
1383,3
1384,20
1385,16
1386,20
1387,5
1388,4
1389,5
1390,5
1391,10
1392,11
1393,17
1394,8
1395,12
1396,6
1397,4
1398,23
1399,12
1400,8
1401,9
1402,12
1403,15
1404,7
1405,11
1406,0
1407,23
1408,1
1409,18
1410,25
1411,10
1412,24
1413,12
1414,16
1415,23
1416,20
1417,7
1418,10
1419,0
1420,11
1421,25
1422,22
1423,25
1424,2
1425,15
1426,7
1427,24
1428,15
1429,1
1430,15
1431,1
1432,23
1433,7
1434,20
1435,6
1436,2
1437,8
1438,12
1439,8
1440,10
1441,13
1442,14
1443,6
1444,24
1445,8
1446,8
1447,9
1448,9
1449,11
1450,1
1451,10
1452,0
1453,24
1454,23
1455,18
1456,1
1457,3
1458,24
1459,8
1460,15
1461,13
1462,5
1463,11
1464,15
1465,19
1466,10
1467,5
1468,8
1469,9
1470,22
1471,16
1472,3
1473,4
1474,23
1475,2
1476,19
1477,18
1478,8
1479,20
1480,25
1481,1
1482,3
1483,4
1484,14
1485,22
1486,0
1487,5
1488,23
1489,22
1490,17
1491,10
1492,24
1493,3
1494,19
1495,19
1496,14
1497,25
1498,8
1499,12
1500,13
1501,4
1502,1
1503,5
1504,14
1505,1
1506,12
1507,6
1508,13
1509,4
1510,11
1511,7
1512,15
1513,20
1514,7
1515,6
1516,9
1517,14
1518,13
1519,1
1520,13
1521,11
1522,20
1523,8
1524,23
1525,2
1526,17
1527,12
1528,13
1529,24
1530,1
1531,6
1532,23
1533,15
1534,16
1535,12
1536,5
1537,4
1538,23
1539,23
1540,7
1541,4
1542,5
1543,21
1544,9
1545,23
1546,1
1547,6
1548,2
1549,7
1550,23
1551,15
1552,18
1553,2
1554,10
1555,16
1556,4
1557,17
1558,11
1559,21
1560,22
1561,22
1562,20
1563,1
1564,25
1565,25
1566,23
1567,7
1568,3
1569,4
1570,21
1571,18
1572,10
1573,14
1574,15
1575,14
1576,20
1577,2
1578,5
1579,9
1580,17
1581,9
1582,16
1583,12
1584,17
1585,25
1586,12
1587,3
1588,6
1589,11
1590,3
1591,14
1592,13
1593,0
1594,20
1595,4
1596,9
1597,6
1598,16
1599,21
1600,6
1601,14
1602,5
1603,21
1604,13
1605,11
1606,17
1607,6
1608,16
1609,13
1610,7
1611,15
1612,4
1613,23
1614,9
1615,7
1616,7
1617,20
1618,7
1619,13
1620,10
1621,7
1622,6
1623,6
1624,6
1625,6
1626,20
1627,12
1628,2
1629,23
1630,7
1631,3
1632,1
1633,24
1634,11
1635,1
1636,24
1637,4
1638,5
1639,4
1640,9
1641,3
1642,21
1643,2
1644,1
1645,10
1646,13
1647,4
1648,23
1649,19
1650,14
1651,20
1652,21
1653,3
1654,0
1655,2
1656,7
1657,23
1658,20
1659,6
1660,18
1661,1
1662,22
1663,12
1664,6
1665,14
1666,9
1667,16
1668,4
1669,6
1670,10
1671,14
1672,2
1673,19
1674,11
1675,19
1676,19
1677,25
1678,14
1679,7
1680,4
1681,15
1682,24
1683,1
1684,11
1685,16
1686,15
1687,9
1688,13
1689,4
1690,18
1691,13
1692,8
1693,15
1694,8
1695,8
1696,20
1697,3
1698,7
1699,24
1700,25
1701,23
1702,4
1703,20
1704,14
1705,2
1706,8
1707,2
1708,21
1709,24
1710,19
1711,4
1712,13
1713,24
1714,14
1715,24
1716,13
1717,18
1718,7
1719,25
1720,10
1721,24
1722,22
1723,24
1724,8
1725,6
1726,24
1727,8
1728,5
1729,15
1730,7
1731,20
1732,18
1733,19
1734,11
1735,23
1736,0
1737,15
1738,7
1739,16
1740,12
1741,5
1742,2
1743,21
1744,1
1745,13
1746,1
1747,20
1748,12
1749,10
1750,18
1751,3
1752,19
1753,0
1754,19
1755,21
1756,8
1757,8
1758,19
1759,19
1760,25
1761,14
1762,8
1763,16
1764,15
1765,17
1766,14
1767,21
1768,17
1769,5
1770,1
1771,9
1772,16
1773,22
1774,21
1775,9
1776,23
1777,5
1778,15
1779,12
1780,6
1781,23
1782,3
1783,19
1784,8
1785,20
1786,17
1787,18
1788,3
1789,13
1790,6
1791,14
1792,15
1793,0
1794,20
1795,8
1796,10
1797,9
1798,4
1799,13
1800,3
1801,7
1802,22
1803,3
1804,23
1805,16
1806,22
1807,22
1808,4
1809,18
1810,24
1811,13
1812,15
1813,20
1814,3
1815,16
1816,5
1817,24
1818,19
1819,15
1820,8
1821,23
1822,1
1823,2
1824,20
1825,15
1826,7
1827,14
1828,21
1829,8
1830,23
1831,18
1832,5
1833,7
1834,13
1835,10
1836,16
1837,13
1838,13
1839,3
1840,12
1841,2
1842,12
1843,15
1844,2
1845,16
1846,23
1847,12
1848,15
1849,16
1850,8
1851,14
1852,21
1853,5
1854,23
1855,20
1856,19
1857,19
1858,3
1859,8
1860,21
1861,16
1862,12
1863,4
1864,18
1865,13
1866,14
1867,5
1868,8
1869,5
1870,5
1871,8
1872,16
1873,8
1874,22
1875,25
1876,14
1877,14
1878,4
1879,15
1880,25
1881,15
1882,3
1883,18
1884,16
1885,9
1886,17
1887,2
1888,24
1889,14
1890,5
1891,3
1892,16
1893,17
1894,0
1895,10
1896,19
1897,16
1898,23
1899,14
1900,21
1901,25
1902,14
1903,15
1904,10
1905,2
1906,22
1907,13
1908,23
1909,4
1910,9
1911,8
1912,22
1913,10
1914,15
1915,6
1916,16
1917,18
1918,9
1919,4
1920,13
1921,22
1922,19
1923,18
1924,9
1925,19
1926,0
1927,18
1928,9
1929,21
1930,24
1931,4
1932,23
1933,20
1934,11
1935,7
1936,0
1937,20
1938,10
1939,18
1940,18
1941,4
1942,22
1943,22
1944,13
1945,20
1946,2
1947,19
1948,16
1949,13
1950,18
1951,20
1952,17
1953,9
1954,3
1955,4
1956,23
1957,1
1958,17
1959,20
1960,0
1961,13
1962,1
1963,16
1964,14
1965,10
1966,9
1967,5
1968,10
1969,5
1970,24
1971,14
1972,10
1973,22
1974,11
1975,16
1976,17
1977,14
1978,18
1979,25
1980,10
1981,4
1982,16
1983,21
1984,10
1985,13
1986,12
1987,8
1988,18
1989,1
1990,3
1991,9
1992,3
1993,18
1994,4
1995,2
1996,21
1997,9
1998,6
1999,13
2000,18
2001,23
2002,18
2003,7
2004,7
2005,19
2006,24
2007,2
2008,0
2009,2
2010,16
2011,25
2012,11
2013,12
2014,4
2015,9
2016,4
2017,2
2018,15
2019,11
2020,16
2021,22
2022,19
2023,3
2024,1
2025,24
2026,24
2027,14
2028,7
2029,17
2030,16
2031,10
2032,6
2033,9
2034,1
2035,10
2036,25
2037,18
2038,12
2039,25
2040,17
2041,7
2042,1
2043,4
2044,10
2045,20
2046,21
2047,16
2048,17
2049,23
2050,4
2051,23
2052,25
2053,19
2054,23
2055,6
2056,18
2057,3
2058,15
2059,12
2060,6
2061,17
2062,6
2063,24
2064,22
2065,2
2066,23
2067,20
2068,9
2069,19
2070,11
2071,13
2072,6
2073,25
2074,5
2075,17
2076,4
2077,3
2078,8
2079,17
2080,6
2081,4
2082,4
2083,1
2084,6
2085,22
2086,24
2087,16
2088,5
2089,16
2090,16
2091,18
2092,7
2093,14
2094,1
2095,15
2096,23
2097,24
2098,10
2099,12
2100,0
2101,11
2102,15
2103,9
2104,13
2105,14
2106,20
2107,25
2108,21
2109,6
2110,11
2111,2
2112,0
2113,18
2114,1
2115,22
2116,25
2117,17
2118,22
2119,15
2120,15
2121,25
2122,0
2123,23
2124,10
2125,0
2126,3
2127,8
2128,16
2129,18
2130,14
2131,25
2132,20
2133,0
2134,6
2135,24
2136,23
2137,2
2138,16
2139,21
2140,8
2141,8
2142,9
2143,22
2144,22
2145,19
2146,19
2147,3
2148,14
2149,2
2150,22
2151,23
2152,20
2153,23
2154,14
2155,18
2156,18
2157,1
2158,25
2159,12
2160,14
2161,6
2162,23
2163,24
2164,22
2165,18
2166,9
2167,23
2168,24
2169,24
2170,22
2171,3
2172,1
2173,8
2174,5
2175,8
2176,21
2177,2
2178,7
2179,0
2180,9
2181,5
2182,8
2183,18
2184,20
2185,23
2186,23
2187,14
2188,15
2189,17
2190,16
2191,9
2192,20
2193,16
2194,1
2195,10
2196,18
2197,11
2198,1
2199,8
2200,15
2201,14
2202,0
2203,7
2204,15
2205,20
2206,20
2207,17
2208,7
2209,6
2210,5
2211,17
2212,13
2213,18
2214,0
2215,0
2216,10
2217,1
2218,4
2219,5
2220,0
2221,6
2222,3
2223,23
2224,19
2225,20
2226,6
2227,12
2228,18
2229,13
2230,20
2231,3
2232,19
2233,3
2234,2
2235,22
2236,6
2237,1
2238,0
2239,18
2240,18
2241,4
2242,17
2243,0
2244,7
2245,6
2246,8
2247,13
2248,6
2249,18
2250,11
2251,18
2252,13
2253,13
2254,10
2255,23
2256,2
2257,11
2258,8
2259,8
2260,4
2261,20
2262,20
2263,0
2264,6
2265,15
2266,25
2267,14
2268,1
2269,18
2270,12
2271,0
2272,22
2273,16
2274,17
2275,21
2276,7
2277,25
2278,17
2279,20
2280,10
2281,24
2282,0
2283,22
2284,9
2285,10
2286,12
2287,24
2288,1
2289,24
2290,5
2291,17
2292,15
2293,22
2294,0
2295,3
2296,21
2297,12
2298,23
2299,8
2300,15
2301,5
2302,20
2303,16
2304,5
2305,19
2306,16
2307,13
2308,24
2309,1
2310,6
2311,16
2312,5
2313,16
2314,5
2315,3
2316,4
2317,11
2318,12
2319,17
2320,19
2321,25
2322,14
2323,15
2324,6
2325,7
2326,0
2327,15
2328,7
2329,15
2330,17
2331,5
2332,22
2333,1
2334,0
2335,9
2336,15
2337,22
2338,17
2339,12
2340,12
2341,25
2342,21
2343,0
2344,13
2345,5
2346,23
2347,13
2348,13
2349,23
2350,11
2351,22
2352,24
2353,9
2354,3
2355,4
2356,21
2357,11
2358,17
2359,4
2360,19
2361,2
2362,13
2363,5
2364,13
2365,6
2366,6
2367,2
2368,1
2369,25
2370,6
2371,12
2372,23
2373,3
2374,18
2375,17
2376,2
2377,17
2378,13
2379,13
2380,9
2381,18
2382,4
2383,16
2384,22
2385,7
2386,11
2387,13
2388,8
2389,18
2390,24
2391,22
2392,19
2393,15
2394,16
2395,20
2396,1
2397,6
2398,24
2399,18
2400,21
2401,3
2402,5
2403,24
2404,12
2405,9
2406,21
2407,19
2408,17
2409,17
2410,1
2411,17
2412,0
2413,14
2414,11
2415,3
2416,19
2417,14
2418,9
2419,0
2420,7
2421,25
2422,25
2423,5
2424,14
2425,19
2426,13
2427,15
2428,19
2429,10
2430,23
2431,12
2432,14
2433,19
2434,22
2435,16
2436,17
2437,6
2438,10
2439,8
2440,7
2441,8
2442,13
2443,23
2444,7
2445,20
2446,22
2447,12
2448,21
2449,5
2450,10
2451,18
2452,14
2453,11
2454,9
2455,10
2456,11
2457,21
2458,11
2459,24
2460,15
2461,8
2462,21
2463,2
2464,22
2465,17
2466,14
2467,16
2468,24
2469,12
2470,9
2471,17
2472,13
2473,5
2474,19
2475,22
2476,17
2477,0
2478,24
2479,1
2480,0
2481,6
2482,13
2483,17
2484,12
2485,24
2486,12
2487,8
2488,0
2489,9
2490,14
2491,12
2492,16
2493,14
2494,23
2495,17
2496,1
2497,11
2498,17
2499,10
2500,4
2501,11
2502,2
2503,11
2504,10
2505,16
2506,6
2507,2
2508,19
2509,22
2510,20
2511,11
2512,15
2513,6
2514,22
2515,20
2516,7
2517,16
2518,19
2519,4
2520,2
2521,4
2522,14
2523,9
2524,12
2525,19
2526,11
2527,3
2528,10
2529,10
2530,15
2531,0
2532,11
2533,25
2534,12
2535,11
2536,10
2537,1
2538,6
2539,14
2540,1
2541,14
2542,12
2543,14
2544,8
2545,18
2546,17
2547,1
2548,19
2549,21
2550,21
2551,1
2552,20
2553,14
2554,22
2555,2
2556,10
2557,23
2558,10
2559,11
2560,13
2561,23
2562,1
2563,16
2564,22
2565,8
2566,20
2567,20
2568,3
2569,12
2570,11
2571,10
2572,8
2573,10
2574,9
2575,14
2576,20
2577,16
2578,18
2579,13
2580,1
2581,18
2582,5
2583,14
2584,11
2585,23
2586,8
2587,9
2588,5
2589,15
2590,17
2591,7
2592,17
2593,1
2594,20
2595,6
2596,18
2597,9
2598,0
2599,9
2600,12
2601,20
2602,17
2603,15
2604,22
2605,8
2606,8
2607,16
2608,10
2609,6
2610,5
2611,8
2612,6
2613,11
2614,10
2615,11
2616,18
2617,18
2618,22
2619,2
2620,15
2621,13
2622,7
2623,13
2624,5
2625,13
2626,19
2627,2
2628,20
2629,2
2630,1
2631,11
2632,8
2633,14
2634,5
2635,0
2636,20
2637,7
2638,5
2639,15
2640,8
2641,20
2642,9
2643,12
2644,23
2645,21
2646,23
2647,14
2648,4
2649,13
2650,2
2651,24
2652,19
2653,4
2654,18
2655,6
2656,5
2657,19
2658,0
2659,17
2660,3
2661,14
2662,20
2663,23
2664,3
2665,8
2666,5
2667,6
2668,13
2669,5
2670,10
2671,16
2672,11
2673,20
2674,13
2675,5
2676,10
2677,11
2678,7
2679,21
2680,20
2681,22
2682,8
2683,22
2684,21
2685,18
2686,10
2687,21
2688,18
2689,10
2690,17
2691,0
2692,20
2693,21
2694,25
2695,7
2696,19
2697,22
2698,19
2699,4
2700,21
2701,13
2702,15
2703,12
2704,18
2705,1
2706,6
2707,22
2708,10
2709,16
2710,4
2711,21
2712,9
2713,22
2714,3
2715,6
2716,7
2717,12
2718,1
2719,20
2720,16
2721,17
2722,16
2723,7
2724,20
2725,16
2726,22
2727,25
2728,5
2729,18
2730,4
2731,16
2732,19
2733,19
2734,18
2735,12
2736,15
2737,5
2738,15
2739,25
2740,11
2741,12
2742,10
2743,9
2744,18
2745,25
2746,14
2747,17
2748,19
2749,25
2750,4
2751,9
2752,3
2753,16
2754,9
2755,25
2756,5
2757,1
2758,1
2759,23
2760,13
2761,2
2762,19
2763,22
2764,0
2765,19
2766,20
2767,1
2768,16
2769,7
2770,18
2771,20
2772,12
2773,5
2774,19
2775,14
2776,25
2777,9
2778,9
2779,14
2780,12
2781,4
2782,15
2783,13
2784,9
2785,14
2786,22
2787,10
2788,21
2789,20
2790,4
2791,5
2792,0
2793,3
2794,6
2795,13
2796,2
2797,17
2798,15
2799,6
2800,11
2801,24
2802,21
2803,4
2804,10
2805,16
2806,23
2807,10
2808,15
2809,13
2810,7
2811,17
2812,8
2813,17
2814,6
2815,4
2816,22
2817,6
2818,5
2819,0
2820,8
2821,8
2822,14
2823,1
2824,4
2825,10
2826,3
2827,13
2828,9
2829,4
2830,24
2831,6
2832,19
2833,7
2834,9
2835,24
2836,7
2837,17
2838,23
2839,15
2840,16
2841,22
2842,17
2843,15
2844,23
2845,1
2846,25
2847,21
2848,18
2849,18
2850,24
2851,11
2852,20
2853,20
2854,5
2855,18
2856,12
2857,3
2858,11
2859,13
2860,11
2861,18
2862,21
2863,9
2864,15
2865,15
2866,4
2867,24
2868,5
2869,16
2870,1
2871,2
2872,23
2873,7
2874,17
2875,9
2876,0
2877,22
2878,9
2879,19
2880,10
2881,5
2882,25
2883,10
2884,1
2885,5
2886,6
2887,10
2888,24
2889,6
2890,1
2891,22
2892,4
2893,16
2894,12
2895,21
2896,5
2897,24
2898,24
2899,19
2900,11
2901,25
2902,17
2903,6
2904,14
2905,3
2906,15
2907,15
2908,15
2909,16
2910,3
2911,8
2912,2
2913,4
2914,7
2915,24
2916,4
2917,11
2918,20
2919,4
2920,20
2921,22
2922,22
2923,15
2924,25
2925,0
2926,7
2927,4
2928,5
2929,10
2930,25
2931,12
2932,20
2933,8
2934,22
2935,5
2936,22
2937,19
2938,11
2939,25
2940,23
2941,12
2942,22
2943,0
2944,15
2945,14
2946,22
2947,0
2948,14
2949,11
2950,24
2951,25
2952,5
2953,9
2954,11
2955,10
2956,15
2957,22
2958,13
2959,24
2960,20
2961,9
2962,18
2963,18
2964,23
2965,19
2966,22
2967,1
2968,24
2969,9
2970,20
2971,12
2972,15
2973,11
2974,10
2975,4
2976,2
2977,19
2978,22
2979,2
2980,18
2981,23
2982,6
2983,10
2984,22
2985,25
2986,11
2987,18
2988,20
2989,18
2990,20
2991,6
2992,17
2993,5
2994,9
2995,5
2996,5
2997,13
2998,16
2999,3
3000,8
3001,1
3002,22
3003,20
3004,6
3005,1
3006,25
3007,1
3008,13
3009,11
3010,5
3011,6
3012,1
3013,7
3014,0
3015,16
3016,12
3017,3
3018,16
3019,6
3020,9
3021,8
3022,21
3023,12
3024,3
3025,23
3026,15
3027,21
3028,4
3029,15
3030,17
3031,4
3032,10
3033,9
3034,18
3035,11
3036,20
3037,16
3038,23
3039,10
3040,11
3041,2
3042,25
3043,8
3044,21
3045,2
3046,6
3047,20
3048,23
3049,17
3050,20
3051,17
3052,19
3053,0
3054,14
3055,22
3056,6
3057,6
3058,6
3059,14
3060,25
3061,3
3062,10
3063,5
3064,10
3065,11
3066,23
3067,3
3068,0
3069,24
3070,8
3071,4
3072,11
3073,1
3074,18
3075,20
3076,11
3077,7
3078,3
3079,14
3080,5
3081,22
3082,25
3083,0
3084,23
3085,23
3086,0
3087,21
3088,4
3089,11
3090,15
3091,17
3092,12
3093,17
3094,10
3095,8
3096,21
3097,13
3098,11
3099,0
3100,22
3101,10
3102,7
3103,14
3104,3
3105,22
3106,4
3107,14
3108,15
3109,12
3110,4
3111,25
3112,10
3113,13
3114,11
3115,7
3116,18
3117,22
3118,23
3119,5
3120,25
3121,9
3122,3
3123,15
3124,6
3125,14
3126,17
3127,14
3128,8
3129,7
3130,10
3131,11
3132,24
3133,20
3134,13
3135,12
3136,6
3137,1
3138,13
3139,6
3140,17
3141,19
3142,18
3143,3
3144,15
3145,23
3146,24
3147,12
3148,22
3149,8
3150,9
3151,11
3152,20
3153,21
3154,5
3155,13
3156,14
3157,16
3158,19
3159,9
3160,12
3161,16
3162,16
3163,12
3164,3
3165,20
3166,23
3167,8
3168,7
3169,21
3170,24
3171,17
3172,9
3173,22
3174,14
3175,0
3176,21
3177,3
3178,23
3179,3
3180,25
3181,13
3182,9
3183,19
3184,17
3185,21
3186,14
3187,0
3188,22
3189,21
3190,25
3191,7
3192,12
3193,13
3194,22
3195,25
3196,16
3197,19
3198,12
3199,25
3200,3
3201,18
3202,11
3203,12
3204,11
3205,14
3206,5
3207,6
3208,20
3209,6
3210,6
3211,16
3212,12
3213,2
3214,1
3215,19
3216,6
3217,5
3218,16
3219,18
3220,8
3221,5
3222,15
3223,23
3224,1
3225,24
3226,6
3227,13
3228,13
3229,5
3230,2
3231,21
3232,19
3233,4
3234,22
3235,5
3236,3
3237,22
3238,1
3239,23
3240,24
3241,8
3242,7
3243,22
3244,11
3245,14
3246,14
3247,19
3248,24
3249,3
3250,21
3251,14
3252,5
3253,0
3254,20
3255,19
3256,20
3257,19
3258,24
3259,0
3260,2
3261,21
3262,17
3263,1
3264,1
3265,19
3266,21
3267,3
3268,20
3269,3
3270,6
3271,23
3272,5
3273,10
3274,3
3275,18
3276,0
3277,25
3278,8
3279,15
3280,1
3281,5
3282,14
3283,19
3284,7
3285,16
3286,18
3287,4
3288,16
3289,5
3290,23
3291,23
3292,8
3293,25
3294,21
3295,6
3296,18
3297,10
3298,10
3299,11
3300,24
3301,10
3302,3
3303,25
3304,8
3305,2
3306,13
3307,14
3308,24
3309,19
3310,12
3311,6
3312,9
3313,12
3314,0
3315,0
3316,3
3317,12
3318,7
3319,0
3320,3
3321,3
3322,19
3323,3
3324,4
3325,3
3326,10
3327,8
3328,21
3329,1
3330,21
3331,10
3332,5
3333,0
3334,3
3335,10
3336,12
3337,4
3338,24
3339,18
3340,4
3341,19
3342,15
3343,5
3344,22
3345,7
3346,22
3347,20
3348,19
3349,12
3350,6
3351,19
3352,2
3353,20
3354,19
3355,11
3356,16
3357,23
3358,25
3359,24
3360,20
3361,4
3362,14
3363,20
3364,4
3365,20
3366,10
3367,11
3368,7
3369,3
3370,20
3371,1
3372,9
3373,8
3374,9
3375,11
3376,20
3377,4
3378,0
3379,3
3380,16
3381,13
3382,16
3383,25
3384,15
3385,15
3386,24
3387,3
3388,1
3389,8
3390,24
3391,15
3392,1
3393,9
3394,8
3395,9
3396,7
3397,15
3398,5
3399,18
3400,24
3401,5
3402,16
3403,24
3404,16
3405,14
3406,1
3407,0
3408,2
3409,12
3410,15
3411,20
3412,13
3413,11
3414,2
3415,13
3416,24
3417,11
3418,11
3419,22
3420,14
3421,18
3422,13
3423,21
3424,8
3425,6
3426,9
3427,13
3428,6
3429,23
3430,11
3431,14
3432,25
3433,14
3434,14
3435,12
3436,23
3437,8
3438,17
3439,14
3440,8
3441,7
3442,18
3443,6
3444,12
3445,16
3446,3
3447,9
3448,22
3449,19
3450,16
3451,14
3452,20
3453,17
3454,6
3455,20
3456,4
3457,15
3458,10
3459,23
3460,3
3461,4
3462,14
3463,1
3464,7
3465,0
3466,13
3467,2
3468,13
3469,19
3470,12
3471,8
3472,21
3473,22
3474,2
3475,15
3476,7
3477,12
3478,1
3479,13
3480,2
3481,10
3482,17
3483,9
3484,14
3485,18
3486,2
3487,0
3488,1
3489,17
3490,6
3491,25
3492,3
3493,25
3494,16
3495,2
3496,9
3497,16
3498,6
3499,10
3500,20
3501,4
3502,1
3503,18
3504,0
3505,8
3506,22
3507,21
3508,23
3509,25
3510,14
3511,2
3512,21
3513,0
3514,23
3515,16
3516,9
3517,0
3518,21
3519,6
3520,0
3521,2
3522,18
3523,2
3524,1
3525,14
3526,19
3527,11
3528,22
3529,11
3530,3
3531,15
3532,11
3533,4
3534,23
3535,25
3536,1
3537,5
3538,16
3539,2
3540,19
3541,18
3542,24
3543,16
3544,10
3545,21
3546,10
3547,22
3548,2
3549,15
3550,22
3551,9
3552,0
3553,20
3554,25
3555,25
3556,11
3557,11
3558,4
3559,2
3560,10
3561,10
3562,2
3563,0
3564,8
3565,14
3566,1
3567,12
3568,8
3569,10
3570,6
3571,24
3572,0
3573,23
3574,17
3575,19
3576,21
3577,7
3578,23
3579,1
3580,25
3581,0
3582,13
3583,13
3584,15
3585,20
3586,0
3587,12
3588,10
3589,23
3590,15
3591,20
3592,24
3593,15
3594,11
3595,0
3596,15
3597,7
3598,0
3599,20
3600,5
3601,18
3602,13
3603,22
3604,23
3605,10
3606,19
3607,13
3608,3
3609,25
3610,8
3611,14
3612,7
3613,13
3614,23
3615,1
3616,5
3617,1
3618,17
3619,23
3620,14
3621,15
3622,20
3623,6
3624,21
3625,5
3626,11
3627,3
3628,0
3629,2
3630,1
3631,17
3632,11
3633,12
3634,1
3635,6
3636,21
3637,19
3638,23
3639,12
3640,2
3641,4
3642,9
3643,12
3644,5
3645,18
3646,14
3647,24
3648,24
3649,16
3650,4
3651,24
3652,23
3653,21
3654,7
3655,3
3656,12
3657,25
3658,0
3659,19
3660,14
3661,21
3662,23
3663,1
3664,20
3665,12
3666,6
3667,0
3668,9
3669,4
3670,6
3671,21
3672,14
3673,17
3674,5
3675,8
3676,13
3677,7
3678,19
3679,7
3680,21
3681,2
3682,9
3683,23
3684,6
3685,13
3686,9
3687,15
3688,11
3689,9
3690,15
3691,2
3692,20
3693,6
3694,22
3695,25
3696,22
3697,20
3698,0
3699,20
3700,17
3701,0
3702,6
3703,13
3704,0
3705,5
3706,19
3707,2
3708,11
3709,7
3710,9
3711,20
3712,0
3713,11
3714,12
3715,9
3716,11
3717,4
3718,7
3719,2
3720,3
3721,0
3722,22
3723,19
3724,14
3725,16
3726,8
3727,12
3728,3
3729,3
3730,10
3731,19
3732,8
3733,23
3734,7
3735,10
3736,25
3737,7
3738,6
3739,5
3740,15
3741,0
3742,5
3743,1
3744,19
3745,16
3746,10
3747,15
3748,16
3749,22
3750,19
3751,16
3752,3
3753,12
3754,18
3755,19
3756,0
3757,3
3758,15
3759,13
3760,6
3761,3
3762,3
3763,12
3764,7
3765,19
3766,20
3767,14
3768,25
3769,3
3770,17
3771,6
3772,12
3773,5
3774,19
3775,5
3776,1
3777,8
3778,11
3779,19
3780,15
3781,22
3782,20
3783,10
3784,23
3785,16
3786,25
3787,21
3788,7
3789,25
3790,23
3791,15
3792,1
3793,22
3794,8
3795,12
3796,23
3797,16
3798,1
3799,25
3800,19
3801,21
3802,8
3803,14
3804,5
3805,13
3806,5
3807,19
3808,1
3809,22
3810,8
3811,6
3812,19
3813,20
3814,21
3815,23
3816,7
3817,21
3818,12
3819,7
3820,23
3821,25
3822,8
3823,16
3824,21
3825,25
3826,22
3827,13
3828,25
3829,18
3830,24
3831,8
3832,24
3833,3
3834,24
3835,20
3836,3
3837,21
3838,7
3839,20
3840,12
3841,20
3842,1
3843,18
3844,14
3845,22
3846,22
3847,10
3848,22
3849,20
3850,3
3851,13
3852,12
3853,20
3854,18
3855,7
3856,8
3857,7
3858,20
3859,10
3860,12
3861,0
3862,22
3863,7
3864,6
3865,12
3866,9
3867,16
3868,1
3869,11
3870,5
3871,10
3872,0
3873,14
3874,23
3875,5
3876,2
3877,10
3878,7
3879,15
3880,23
3881,24
3882,24
3883,15
3884,20
3885,3
3886,18
3887,14
3888,22
3889,9
3890,18
3891,5
3892,4
3893,14
3894,21
3895,15
3896,19
3897,23
3898,4
3899,13
3900,20
3901,20
3902,16
3903,22
3904,5
3905,20
3906,15
3907,25
3908,21
3909,18
3910,19
3911,0
3912,20
3913,6
3914,17
3915,23
3916,8
3917,7
3918,24
3919,23
3920,24
3921,25
3922,21
3923,9
3924,9
3925,12
3926,6
3927,25
3928,18
3929,7
3930,6
3931,10
3932,9
3933,10
3934,13
3935,14
3936,17
3937,10
3938,25
3939,1
3940,20
3941,4
3942,18
3943,22
3944,21
3945,22
3946,18
3947,17
3948,13
3949,1
3950,13
3951,14
3952,3
3953,21
3954,8
3955,22
3956,25
3957,25
3958,25
3959,21
3960,18
3961,6
3962,14
3963,20
3964,1
3965,20
3966,6
3967,7
3968,14
3969,22
3970,2
3971,12
3972,8
3973,11
3974,10
3975,4
3976,13
3977,15
3978,18
3979,7
3980,2
3981,15
3982,11
3983,9
3984,9
3985,19
3986,13
3987,11
3988,10
3989,2
3990,15
3991,3
3992,21
3993,12
3994,3
3995,20
3996,14
3997,3
3998,25
3999,8
4000,17
4001,13
4002,6
4003,14
4004,7
4005,25
4006,9
4007,21
4008,6
4009,8
4010,11
4011,19
4012,17
4013,16
4014,3
4015,13
4016,19
4017,15
4018,16
4019,20
4020,3
4021,12
4022,21
4023,5
4024,17
4025,5
4026,2
4027,1
4028,21
4029,9
4030,24
4031,13
4032,0
4033,4
4034,15
4035,5
4036,4
4037,22
4038,21
4039,7
4040,6
4041,16
4042,24
4043,7
4044,21
4045,15
4046,3
4047,0
4048,13
4049,4
4050,7
4051,16
4052,7
4053,7
4054,21
4055,1
4056,16
4057,6
4058,13
4059,13
4060,17
4061,4
4062,23
4063,17
4064,17
4065,17
4066,9
4067,2
4068,21
4069,14
4070,19
4071,1
4072,13
4073,17
4074,4
4075,15
4076,9
4077,11
4078,3
4079,2
4080,12
4081,19
4082,24
4083,0
4084,1
4085,14
4086,21
4087,14
4088,22
4089,23
4090,11
4091,5
4092,14
4093,12
4094,4
4095,15
4096,4
4097,0
4098,14
4099,12
4100,3
4101,11
4102,22
4103,8
4104,22
4105,20
4106,5
4107,12
4108,19
4109,1
4110,13
4111,2
4112,1
4113,3
4114,6
4115,0
4116,7
4117,3
4118,13
4119,10
4120,5
4121,18
4122,25
4123,12
4124,5
4125,10
4126,0
4127,0
4128,21
4129,1
4130,15
4131,12
4132,10
4133,20
4134,2
4135,20
4136,23
4137,17
4138,1
4139,1
4140,5
4141,9
4142,13
4143,1
4144,8
4145,18
4146,12
4147,10
4148,18
4149,10
4150,17
4151,25
4152,17
4153,10
4154,20
4155,19
4156,2
4157,8
4158,5
4159,22
4160,23
4161,15
4162,18
4163,15
4164,17
4165,8
4166,3
4167,10
4168,5
4169,19
4170,2
4171,7
4172,14
4173,22
4174,19
4175,23
4176,11
4177,18
4178,17
4179,8
4180,25
4181,19
4182,18
4183,13
4184,6
4185,25
4186,2
4187,15
4188,23
4189,4
4190,25
4191,17
4192,18
4193,3
4194,5
4195,11
4196,19
4197,9
4198,5
4199,13
4200,20
4201,9
4202,1
4203,16
4204,12
4205,10
4206,11
4207,16
4208,8
4209,4
4210,24
4211,18
4212,18
4213,5
4214,15
4215,11
4216,18
4217,3
4218,3
4219,7
4220,22
4221,15
4222,21
4223,15
4224,8
4225,13
4226,21
4227,7
4228,10
4229,21
4230,21
4231,7
4232,18
4233,22
4234,12
4235,1
4236,17
4237,8
4238,19
4239,22
4240,7
4241,24
4242,19
4243,7
4244,14
4245,10
4246,20
4247,13
4248,25
4249,23
4250,15
4251,10
4252,22
4253,10
4254,2
4255,8
4256,15
4257,24
4258,18
4259,8
4260,8
4261,13
4262,14
4263,2
4264,3
4265,19
4266,1
4267,14
4268,24
4269,11
4270,15
4271,17
4272,18
4273,23
4274,2
4275,6
4276,0
4277,9
4278,22
4279,9
4280,21
4281,3
4282,24
4283,3
4284,2
4285,15
4286,20
4287,6
4288,18
4289,2
4290,16
4291,4
4292,19
4293,15
4294,19
4295,7
4296,10
4297,18
4298,5
4299,0
4300,19
4301,7
4302,2
4303,18
4304,19
4305,21
4306,11
4307,19
4308,25
4309,13
4310,19
4311,19
4312,16
4313,11
4314,25
4315,1
4316,4
4317,8
4318,20
4319,17
4320,0
4321,17
4322,24
4323,9
4324,17
4325,5
4326,18
4327,17
4328,16
4329,17
4330,3
4331,4
4332,20
4333,10
4334,4
4335,17
4336,9
4337,3
4338,17
4339,25
4340,4
4341,2
4342,11
4343,12
4344,2
4345,21
4346,1
4347,6
4348,8
4349,4
4350,20
4351,23
4352,11
4353,2
4354,25
4355,12
4356,16
4357,1
4358,22
4359,10
4360,19
4361,11
4362,4
4363,0
4364,17
4365,13
4366,10
4367,15
4368,2
4369,11
4370,5
4371,11
4372,7
4373,11
4374,15
4375,16
4376,11
4377,17
4378,5
4379,8
4380,25
4381,19
4382,15
4383,10
4384,23
4385,25
4386,13
4387,18
4388,18
4389,11
4390,1
4391,14
4392,10
4393,6
4394,23
4395,4
4396,4
4397,13
4398,21
4399,8
4400,1
4401,18
4402,4
4403,19
4404,23
4405,11
4406,15
4407,8
4408,6
4409,3
4410,16
4411,4
4412,19
4413,23
4414,23
4415,20
4416,1
4417,22
4418,22
4419,15
4420,24
4421,17
4422,3
4423,24
4424,10
4425,16
4426,11
4427,3
4428,12
4429,14
4430,12
4431,7
4432,14
4433,10
4434,4
4435,3
4436,17
4437,9
4438,7
4439,0
4440,2
4441,6
4442,8
4443,20
4444,25
4445,16
4446,20
4447,13
4448,21
4449,21
4450,16
4451,10
4452,10
4453,19
4454,1
4455,14
4456,2
4457,25
4458,0
4459,21
4460,1
4461,9
4462,23
4463,1
4464,13
4465,1
4466,23
4467,4
4468,9
4469,12
4470,23
4471,20
4472,9
4473,21
4474,3
4475,20
4476,24
4477,19
4478,22
4479,16
4480,1
4481,4
4482,20
4483,14
4484,10
4485,17
4486,11
4487,7
4488,11
4489,3
4490,1
4491,13
4492,2
4493,19
4494,10
4495,6
4496,5
4497,5
4498,4
4499,2
4500,13
4501,19
4502,8
4503,5
4504,7
4505,24
4506,16
4507,21
4508,2
4509,17
4510,14
4511,12
4512,14
4513,8
4514,21
4515,18
4516,19
4517,14
4518,3
4519,19
4520,0
4521,22
4522,1
4523,6
4524,24
4525,22
4526,25
4527,21
4528,9
4529,14
4530,3
4531,2
4532,20
4533,4
4534,16
4535,16
4536,19
4537,13
4538,19
4539,22
4540,24
4541,25
4542,8
4543,10
4544,24
4545,22
4546,17
4547,6
4548,22
4549,4
4550,15
4551,10
4552,8
4553,16
4554,3
4555,7
4556,10
4557,5
4558,13
4559,11
4560,4
4561,4
4562,15
4563,25
4564,17
4565,6
4566,15
4567,0
4568,13
4569,10
4570,24
4571,13
4572,5
4573,0
4574,1
4575,3
4576,11
4577,8
4578,2
4579,4
4580,24
4581,20
4582,7
4583,25
4584,2
4585,21
4586,6
4587,7
4588,13
4589,20
4590,15
4591,13
4592,12
4593,10
4594,9
4595,6
4596,9
4597,5
4598,14
4599,3
4600,23
4601,19
4602,22
4603,20
4604,19
4605,6
4606,14
4607,11
4608,8
4609,20
4610,21
4611,3
4612,16
4613,14
4614,15
4615,9
4616,11
4617,10
4618,8
4619,0
4620,5
4621,2
4622,24
4623,14
4624,8
4625,25
4626,0
4627,21
4628,9
4629,11
4630,12
4631,23
4632,9
4633,1
4634,18
4635,12
4636,18
4637,23
4638,23
4639,15
4640,9
4641,4
4642,24
4643,24
4644,1
4645,6
4646,6
4647,13
4648,3
4649,18
4650,10
4651,11
4652,16
4653,14
4654,7
4655,18
4656,13
4657,24
4658,24
4659,15
4660,8
4661,2
4662,8
4663,21
4664,7
4665,10
4666,1
4667,2
4668,16
4669,5
4670,10
4671,18
4672,6
4673,21
4674,15
4675,14
4676,22
4677,3
4678,3
4679,21
4680,0
4681,3
4682,1
4683,3
4684,12
4685,11
4686,11
4687,23
4688,20
4689,21
4690,9
4691,1
4692,18
4693,11
4694,14
4695,20
4696,13
4697,19
4698,7
4699,14
4700,20
4701,13
4702,9
4703,23
4704,15
4705,3
4706,22
4707,7
4708,25
4709,5
4710,7
4711,13
4712,16
4713,12
4714,0
4715,3
4716,4
4717,4
4718,2
4719,7
4720,15
4721,0
4722,24
4723,20
4724,1
4725,5
4726,13
4727,9
4728,16
4729,21
4730,6
4731,19
4732,2
4733,1
4734,6
4735,7
4736,13
4737,16
4738,6
4739,13
4740,17
4741,6
4742,6
4743,19
4744,21
4745,14
4746,2
4747,19
4748,23
4749,5
4750,13
4751,5
4752,17
4753,19
4754,16
4755,5
4756,3
4757,4
4758,24
4759,21
4760,23
4761,2
4762,9
4763,17
4764,22
4765,7
4766,15
4767,8
4768,4
4769,21
4770,1
4771,0
4772,25
4773,22
4774,16
4775,7
4776,21
4777,4
4778,17
4779,13
4780,2
4781,19
4782,19
4783,2
4784,11
4785,4
4786,10
4787,5
4788,9
4789,13
4790,21
4791,4
4792,9
4793,7
4794,21
4795,9
4796,11
4797,0
4798,12
4799,25
4800,10
4801,12
4802,4
4803,10
4804,25
4805,11
4806,18
4807,4
4808,16
4809,10
4810,16
4811,12
4812,6
4813,8
4814,10
4815,8
4816,4
4817,24
4818,20
4819,15
4820,24
4821,12
4822,13
4823,4
4824,3
4825,14
4826,5
4827,19
4828,4
4829,21
4830,14
4831,9
4832,16
4833,11
4834,11
4835,14
4836,12
4837,18
4838,16
4839,23
4840,7
4841,6
4842,22
4843,12
4844,14
4845,7
4846,10
4847,16
4848,20
4849,2
4850,24
4851,12
4852,14
4853,17
4854,22
4855,4
4856,17
4857,14
4858,18
4859,19
4860,8
4861,23
4862,5
4863,4
4864,15
4865,9
4866,0
4867,4
4868,2
4869,3
4870,16
4871,5
4872,12
4873,0
4874,10
4875,13
4876,19
4877,19
4878,14
4879,2
4880,14
4881,17
4882,16
4883,21
4884,4
4885,23
4886,15
4887,17
4888,2
4889,23
4890,10
4891,20
4892,1
4893,22
4894,18
4895,25
4896,24
4897,2
4898,15
4899,17
4900,7
4901,6
4902,9
4903,10
4904,19
4905,4
4906,11
4907,19
4908,19
4909,24
4910,24
4911,16
4912,14
4913,12
4914,6
4915,24
4916,20
4917,16
4918,18
4919,17
4920,8
4921,11
4922,20
4923,12
4924,7
4925,9
4926,4
4927,8
4928,19
4929,12
4930,6
4931,15
4932,8
4933,16
4934,3
4935,5
4936,22
4937,0
4938,4
4939,7
4940,9
4941,11
4942,15
4943,18
4944,19
4945,8
4946,22
4947,17
4948,0
4949,16
4950,19
4951,24
4952,8
4953,5
4954,0
4955,2
4956,7
4957,23
4958,2
4959,3
4960,2
4961,16
4962,2
4963,4
4964,14
4965,5
4966,10
4967,20
4968,15
4969,6
4970,9
4971,9
4972,10
4973,7
4974,20
4975,4
4976,21
4977,9
4978,19
4979,13
4980,4
4981,16
4982,18
4983,10
4984,24
4985,21
4986,11
4987,12
4988,20
4989,21
4990,23
4991,4
4992,0
4993,22
4994,0
4995,6
4996,0
4997,11
4998,0
4999,18
5000,12
5001,22
5002,17
5003,11
5004,19
5005,4
5006,0
5007,18
5008,19
5009,10
5010,3
5011,18
5012,1
5013,21
5014,20
5015,8
5016,14
5017,15
5018,21
5019,10
5020,5
5021,23
5022,25
5023,24
5024,6
5025,8
5026,19
5027,9
5028,9
5029,7
5030,8
5031,16
5032,5
5033,7
5034,0
5035,25
5036,20
5037,10
5038,5
5039,7
5040,18
5041,3
5042,22
5043,14
5044,1
5045,7
5046,25
5047,20
5048,9
5049,18
5050,23
5051,24
5052,23
5053,7
5054,14
5055,4
5056,2
5057,3
5058,24
5059,6
5060,13
5061,18
5062,0
5063,16
5064,7
5065,13
5066,17
5067,12
5068,2
5069,10
5070,16
5071,20
5072,25
5073,11
5074,12
5075,17
5076,2
5077,18
5078,6
5079,16
5080,1
5081,11
5082,4
5083,21
5084,8
5085,16
5086,12
5087,16
5088,23
5089,15
5090,9
5091,12
5092,15
5093,17
5094,8
5095,19
5096,6
5097,16
5098,2
5099,11
5100,21
5101,3
5102,6
5103,7
5104,19
5105,10
5106,6
5107,24
5108,15
5109,13
5110,20
5111,14
5112,1
5113,14
5114,6
5115,13
5116,0
5117,3
5118,11
5119,10
5120,7
5121,21
5122,9
5123,14
5124,9
5125,21
5126,5
5127,6
5128,21
5129,0
5130,12
5131,12
5132,8
5133,4
5134,18
5135,15
5136,25
5137,8
5138,18
5139,24
5140,1
5141,16
5142,11
5143,12
5144,8
5145,16
5146,20
5147,25
5148,16
5149,0
5150,0
5151,9
5152,16
5153,9
5154,16
5155,21
5156,23
5157,24
5158,11
5159,21
5160,25
5161,12
5162,3
5163,15
5164,14
5165,10
5166,5
5167,20
5168,1
5169,2
5170,12
5171,11
5172,8
5173,14
5174,1
5175,23
5176,10
5177,14
5178,13
5179,19
5180,24
5181,4
5182,4
5183,21
5184,4
5185,6
5186,23
5187,22
5188,20
5189,18
5190,21
5191,5
5192,17
5193,7
5194,14
5195,24
5196,23
5197,3
5198,19
5199,15
5200,8
5201,18
5202,17
5203,20
5204,22
5205,6
5206,5
5207,20
5208,24
5209,25
5210,6
5211,20
5212,13
5213,1
5214,22
5215,17
5216,0
5217,25
5218,10
5219,13
5220,9
5221,14
5222,10
5223,23
5224,5
5225,9
5226,1
5227,4
5228,1
5229,12
5230,0
5231,14
5232,17
5233,19
5234,15
5235,24
5236,12
5237,17
5238,5
5239,5
5240,8
5241,25
5242,18
5243,14
5244,7
5245,8
5246,10
5247,4
5248,11
5249,11
5250,15
5251,21
5252,4
5253,23
5254,18
5255,7
5256,2
5257,15
5258,19
5259,11
5260,6
5261,9
5262,4
5263,12
5264,7
5265,20
5266,14
5267,13
5268,3
5269,25
5270,14
5271,5
5272,2
5273,16
5274,2
5275,23
5276,16
5277,15
5278,7
5279,22
5280,10
5281,20
5282,8
5283,12
5284,2
5285,14
5286,9
5287,10
5288,1
5289,23
5290,8
5291,22
5292,7
5293,9
5294,7
5295,15
5296,19
5297,25
5298,1
5299,18
5300,11
5301,19
5302,8
5303,21
5304,1
5305,8
5306,19
5307,17
5308,24
5309,9
5310,0
5311,19
5312,14
5313,10
5314,15
5315,18
5316,15
5317,14
5318,20
5319,18
5320,7
5321,5
5322,9
5323,1
5324,1
5325,2
5326,3
5327,6
5328,5
5329,2
5330,5
5331,2
5332,13
5333,24
5334,17
5335,22
5336,13
5337,5
5338,6
5339,24
5340,21
5341,23
5342,6
5343,8
5344,9
5345,12
5346,10
5347,20
5348,22
5349,17
5350,19
5351,14
5352,19
5353,21
5354,24
5355,6
5356,17
5357,13
5358,21
5359,8
5360,5
5361,10
5362,16
5363,22
5364,2
5365,16
5366,18
5367,9
5368,7
5369,11
5370,16
5371,10
5372,16
5373,13
5374,3
5375,13
5376,7
5377,20
5378,21
5379,12
5380,19
5381,19
5382,20
5383,18
5384,21
5385,15
5386,19
5387,21
5388,12
5389,21
5390,22
5391,13
5392,17
5393,6
5394,23
5395,22
5396,7
5397,13
5398,12
5399,6
5400,7
5401,18
5402,3
5403,23
5404,5
5405,0
5406,6
5407,11
5408,8
5409,23
5410,11
5411,4
5412,9
5413,9
5414,10
5415,6
5416,15
5417,15
5418,7
5419,8
5420,14
5421,1
5422,21
5423,4
5424,1
5425,22
5426,4
5427,5
5428,13
5429,8
5430,0
5431,14
5432,7
5433,6
5434,18
5435,12
5436,23
5437,15
5438,8
5439,9
5440,19
5441,18
5442,10
5443,23
5444,2
5445,16
5446,22
5447,18
5448,1
5449,4
5450,0
5451,9
5452,6
5453,0
5454,19
5455,5
5456,17
5457,24
5458,21
5459,7
5460,10
5461,20
5462,5
5463,17
5464,23
5465,9
5466,8
5467,13
5468,6
5469,0
5470,15
5471,24
5472,5
5473,12
5474,23
5475,24
5476,17
5477,3
5478,0
5479,8
5480,20
5481,14
5482,15
5483,8
5484,1
5485,7
5486,8
5487,19
5488,4
5489,15
5490,0
5491,21
5492,10
5493,15
5494,9
5495,3
5496,19
5497,9
5498,18
5499,17
5500,23
5501,19
5502,1
5503,20
5504,24
5505,16
5506,18
5507,20
5508,3
5509,6
5510,22
5511,14
5512,11
5513,14
5514,23
5515,19
5516,4
5517,7
5518,10
5519,10
5520,21
5521,10
5522,12
5523,15
5524,19
5525,12
5526,1
5527,19
5528,11
5529,1
5530,6
5531,0
5532,5
5533,18
5534,15
5535,18
5536,15
5537,23
5538,24
5539,13
5540,17
5541,23
5542,19
5543,10
5544,10
5545,22
5546,19
5547,23
5548,22
5549,11
5550,1
5551,21
5552,24
5553,1
5554,8
5555,19
5556,11
5557,14
5558,12
5559,11
5560,21
5561,13
5562,9
5563,5
5564,12
5565,13
5566,17
5567,16
5568,0
5569,4
5570,14
5571,23
5572,3
5573,25
5574,13
5575,5
5576,7
5577,11
5578,9
5579,9
5580,23
5581,22
5582,0
5583,22
5584,12
5585,0
5586,0
5587,13
5588,14
5589,10
5590,22
5591,4
5592,1
5593,6
5594,15
5595,0
5596,25
5597,0
5598,16
5599,0
5600,7
5601,5
5602,0
5603,10
5604,0
5605,18
5606,11
5607,25
5608,11
5609,23
5610,7
5611,12
5612,25
5613,8
5614,5
5615,25
5616,6
5617,24
5618,16
5619,17
5620,18
5621,4
5622,24
5623,18
5624,5
5625,23
5626,23
5627,5
5628,16
5629,2
5630,0
5631,9
5632,13
5633,7
5634,25
5635,24
5636,13
5637,0
5638,16
5639,19
5640,3
5641,7
5642,1
5643,1
5644,20
5645,9
5646,2
5647,10
5648,10
5649,3
5650,14
5651,10
5652,21
5653,8
5654,25
5655,6
5656,16
5657,2
5658,1
5659,8
5660,22
5661,11
5662,21
5663,14
5664,13
5665,15
5666,5
5667,5
5668,14
5669,6
5670,11
5671,15
5672,17
5673,15
5674,19
5675,5
5676,13
5677,8
5678,20
5679,12
5680,15
5681,17
5682,8
5683,18
5684,10
5685,9
5686,14
5687,25
5688,15
5689,7
5690,21
5691,5
5692,5
5693,9
5694,16
5695,6
5696,0
5697,25
5698,2
5699,11
5700,11
5701,25
5702,21
5703,17
5704,7
5705,15
5706,14
5707,9
5708,12
5709,18
5710,1
5711,0
5712,19
5713,19
5714,8
5715,7
5716,12
5717,1
5718,3
5719,4
5720,10
5721,4
5722,4
5723,12
5724,16
5725,6
5726,17
5727,17
5728,15
5729,15
5730,20
5731,12
5732,13
5733,6
5734,22
5735,1
5736,23
5737,20
5738,17
5739,9
5740,11
5741,3
5742,5
5743,14
5744,23
5745,3
5746,25
5747,5
5748,6
5749,13
5750,13
5751,6
5752,15
5753,8
5754,8
5755,9
5756,12
5757,11
5758,22
5759,25
5760,25
5761,15
5762,12
5763,8
5764,6
5765,4
5766,24
5767,16
5768,1
5769,19
5770,2
5771,15
5772,6
5773,11
5774,13
5775,15
5776,3
5777,7
5778,21
5779,9
5780,16
5781,10
5782,24
5783,8
5784,11
5785,0
5786,10
5787,5
5788,21
5789,2
5790,10
5791,13
5792,22
5793,19
5794,8
5795,2
5796,7
5797,13
5798,24
5799,10
5800,18
5801,12
5802,15
5803,11
5804,17
5805,15
5806,11
5807,4
5808,4
5809,6
5810,18
5811,6
5812,11
5813,7
5814,17
5815,6
5816,8
5817,23
5818,10
5819,16
5820,20
5821,0
5822,22
5823,1
5824,3
5825,18
5826,12
5827,11
5828,20
5829,25
5830,25
5831,16
5832,23
5833,8
5834,14
5835,21
5836,18
5837,3
5838,5
5839,20
5840,17
5841,17
5842,1
5843,16
5844,2
5845,6
5846,13
5847,4
5848,14
5849,6
5850,3
5851,5
5852,10
5853,6
5854,15
5855,6
5856,21
5857,15
5858,5
5859,20
5860,2
5861,20
5862,22
5863,14
5864,6
5865,25
5866,13
5867,15
5868,5
5869,1
5870,7
5871,6
5872,22
5873,22
5874,22
5875,0
5876,21
5877,17
5878,4
5879,25
5880,5
5881,8
5882,14
5883,10
5884,21
5885,12
5886,21
5887,18
5888,4
5889,24
5890,23
5891,16
5892,10
5893,4
5894,25
5895,15
5896,12
5897,17
5898,4
5899,3
5900,25
5901,15
5902,20
5903,8
5904,21
5905,1
5906,25
5907,4
5908,10
5909,6
5910,1
5911,20
5912,2
5913,25
5914,0
5915,2
5916,20
5917,24
5918,24
5919,21
5920,1
5921,15
5922,17
5923,21
5924,13
5925,9
5926,4
5927,1
5928,6
5929,20
5930,5
5931,6
5932,11
5933,5
5934,3
5935,10
5936,7
5937,15
5938,21
5939,2
5940,12
5941,21
5942,17
5943,19
5944,16
5945,17
5946,6
5947,3
5948,12
5949,4
5950,5
5951,9
5952,15
5953,25
5954,9
5955,0
5956,21
5957,22
5958,16
5959,10
5960,4
5961,18
5962,0
5963,13
5964,13
5965,1
5966,5
5967,7
5968,9
5969,24
5970,0
5971,20
5972,4
5973,22
5974,19
5975,8
5976,3
5977,0
5978,23
5979,10
5980,3
5981,13
5982,5
5983,21
5984,23
5985,21
5986,19
5987,3
5988,3
5989,6
5990,10
5991,5
5992,14
5993,18
5994,12
5995,4
5996,23
5997,12
5998,22
5999,13
6000,10
6001,23
6002,23
6003,23
6004,12
6005,20
6006,4
6007,15
6008,7
6009,25
6010,1
6011,22
6012,5
6013,13
6014,15
6015,1
6016,23
6017,17
6018,24
6019,8
6020,20
6021,22
6022,20
6023,11
6024,6
6025,0
6026,0
6027,21
6028,17
6029,16
6030,4
6031,24
6032,12
6033,16
6034,2
6035,3
6036,24
6037,7
6038,18
6039,22
6040,15
6041,21
6042,16
6043,19
6044,11
6045,19
6046,0
6047,6
6048,16
6049,22
6050,19
6051,14
6052,9
6053,9
6054,8
6055,24
6056,4
6057,3
6058,17
6059,17
6060,25
6061,25
6062,2
6063,23
6064,13
6065,9
6066,9
6067,19
6068,3
6069,5
6070,5
6071,2
6072,8
6073,8
6074,8
6075,22
6076,19
6077,17
6078,5
6079,16
6080,8
6081,14
6082,25
6083,8
6084,1
6085,23
6086,25
6087,22
6088,18
6089,21
6090,21
6091,3
6092,4
6093,3
6094,15
6095,20
6096,14
6097,19
6098,21
6099,12
6100,6
6101,1
6102,10
6103,17
6104,8
6105,11
6106,11
6107,3
6108,9
6109,13
6110,8
6111,12
6112,18
6113,3
6114,24
6115,15
6116,23
6117,4
6118,22
6119,4
6120,2
6121,12
6122,5
6123,15
6124,14
6125,23
6126,5
6127,5
6128,7
6129,15
6130,1
6131,8
6132,0
6133,18
6134,13
6135,7
6136,12
6137,22
6138,4
6139,19
6140,18
6141,22
6142,2
6143,2
6144,18
6145,20
6146,10
6147,2
6148,23
6149,14
6150,10
6151,24
6152,2
6153,15
6154,1
6155,24
6156,20
6157,2
6158,25
6159,2
6160,24
6161,5
6162,9
6163,11
6164,3
6165,24
6166,21
6167,11
6168,23
6169,24
6170,4
6171,6
6172,11
6173,10
6174,13
6175,12
6176,24
6177,3
6178,8
6179,13
6180,10
6181,24
6182,24
6183,13
6184,12
6185,25
6186,7
6187,20
6188,16
6189,20
6190,20
6191,1
6192,25
6193,13
6194,5
6195,17
6196,6
6197,13
6198,21
6199,11
6200,14
6201,1
6202,5
6203,0
6204,12
6205,13
6206,2
6207,9
6208,6
6209,4
6210,10
6211,16
6212,4
6213,16
6214,12
6215,4
6216,8
6217,2
6218,16
6219,12
6220,25
6221,9
6222,24
6223,4
6224,21
6225,4
6226,12
6227,24
6228,21
6229,25
6230,0
6231,1
6232,17
6233,7
6234,10
6235,16
6236,1
6237,12
6238,4
6239,24
6240,2
6241,17
6242,17
6243,3
6244,13
6245,24
6246,7
6247,1
6248,14
6249,3
6250,25
6251,1
6252,8
6253,24
6254,16
6255,9
6256,2
6257,21
6258,7
6259,9
6260,8
6261,17
6262,17
6263,15
6264,5
6265,16
6266,13
6267,7
6268,22
6269,3
6270,21
6271,6
6272,6
6273,14
6274,7
6275,24
6276,23
6277,1
6278,22
6279,22
6280,6
6281,13
6282,16
6283,20
6284,12
6285,2
6286,15
6287,14
6288,24
6289,24
6290,25
6291,9
6292,15
6293,14
6294,22
6295,18
6296,8
6297,24
6298,7
6299,4
6300,8
6301,13
6302,16
6303,17
6304,4
6305,14
6306,8
6307,14
6308,6
6309,3
6310,19
6311,3
6312,11
6313,20
6314,25
6315,24
6316,12
6317,2
6318,17
6319,21
6320,3
6321,1
6322,14
6323,17
6324,25
6325,24
6326,24
6327,9
6328,14
6329,1
6330,5
6331,24
6332,5
6333,10
6334,21
6335,13
6336,8
6337,9
6338,10
6339,15
6340,21
6341,17
6342,4
6343,10
6344,20
6345,19
6346,2
6347,23
6348,2
6349,17
6350,16
6351,14
6352,12
6353,13
6354,0
6355,5
6356,24
6357,19
6358,19
6359,4
6360,11
6361,5
6362,3
6363,20
6364,8
6365,19
6366,6
6367,20
6368,12
6369,9
6370,20
6371,13
6372,6
6373,23
6374,23
6375,1
6376,12
6377,21
6378,6
6379,6
6380,25
6381,23
6382,23
6383,12
6384,4
6385,11
6386,21
6387,6
6388,5
6389,23
6390,12
6391,11
6392,10
6393,15
6394,4
6395,23
6396,10
6397,16
6398,24
6399,21
6400,4
6401,17
6402,4
6403,24
6404,16
6405,0
6406,16
6407,15
6408,13
6409,7
6410,4
6411,15
6412,6
6413,20
6414,15
6415,3
6416,25
6417,2
6418,3
6419,9
6420,19
6421,1
6422,9
6423,17
6424,3
6425,18
6426,18
6427,17
6428,23
6429,22
6430,23
6431,11
6432,0
6433,6
6434,11
6435,25
6436,22
6437,14
6438,16
6439,16
6440,7
6441,17
6442,1
6443,2
6444,9
6445,20
6446,13
6447,7
6448,25
6449,0
6450,8
6451,6
6452,3
6453,4
6454,24
6455,2
6456,21
6457,0
6458,22
6459,20
6460,13
6461,10
6462,19
6463,1
6464,5
6465,21
6466,11
6467,17
6468,10
6469,24
6470,21
6471,24
6472,20
6473,18
6474,11
6475,6
6476,21
6477,24
6478,24
6479,25
6480,18
6481,8
6482,11
6483,1
6484,4
6485,4
6486,6
6487,1
6488,25
6489,7
6490,24
6491,8
6492,24
6493,16
6494,1
6495,0
6496,8
6497,16
6498,12
6499,18
6500,6
6501,18
6502,3
6503,9
6504,6
6505,10
6506,17
6507,18
6508,1
6509,16
6510,24
6511,1
6512,9
6513,13
6514,4
6515,3
6516,9
6517,20
6518,4
6519,21
6520,4
6521,7
6522,25
6523,17
6524,25
6525,1
6526,6
6527,10
6528,15
6529,2
6530,10
6531,16
6532,0
6533,12
6534,4
6535,21
6536,20
6537,12
6538,2
6539,5
6540,10
6541,1
6542,24
6543,4
6544,14
6545,5
6546,6
6547,25
6548,23
6549,9
6550,8
6551,21
6552,18
6553,2
6554,10
6555,20
6556,11
6557,19
6558,7
6559,12
6560,14
6561,3
6562,6
6563,0
6564,8
6565,16
6566,11
6567,13
6568,13
6569,14
6570,5
6571,11
6572,11
6573,1
6574,9
6575,8
6576,7
6577,20
6578,8
6579,6
6580,23
6581,5
6582,20
6583,13
6584,13
6585,13
6586,12
6587,12
6588,16
6589,24
6590,14
6591,23
6592,25
6593,10
6594,15
6595,25
6596,15
6597,13
6598,21
6599,14
6600,1
6601,24
6602,12
6603,23
6604,0
6605,0
6606,1
6607,21
6608,4
6609,14
6610,7
6611,21
6612,9
6613,13
6614,15
6615,2
6616,24
6617,13
6618,17
6619,0
6620,21
6621,11
6622,6
6623,18
6624,11
6625,12
6626,12
6627,24
6628,23
6629,18
6630,22
6631,5
6632,20
6633,20
6634,16
6635,24
6636,1
6637,8
6638,23
6639,14
6640,3
6641,5
6642,10
6643,13
6644,9
6645,10
6646,17
6647,3
6648,9
6649,18
6650,17
6651,10
6652,14
6653,5
6654,1
6655,9
6656,9
6657,15
6658,14
6659,6
6660,24
6661,13
6662,11
6663,3
6664,14
6665,2
6666,14
6667,1
6668,20
6669,9
6670,5
6671,6
6672,16
6673,16
6674,0
6675,19
6676,4
6677,8
6678,6
6679,5
6680,12
6681,24
6682,0
6683,1
6684,22
6685,4
6686,3
6687,6
6688,19
6689,18
6690,9
6691,0
6692,16
6693,13
6694,17
6695,12
6696,20
6697,16
6698,6
6699,3
6700,5
6701,19
6702,15
6703,2
6704,8
6705,19
6706,13
6707,20
6708,9
6709,15
6710,25
6711,25
6712,3
6713,15
6714,11
6715,16
6716,10
6717,5
6718,14
6719,9
6720,0
6721,19
6722,22
6723,13
6724,23
6725,4
6726,19
6727,24
6728,12
6729,2
6730,5
6731,25
6732,22
6733,2
6734,18
6735,10
6736,9
6737,4
6738,25
6739,14
6740,19
6741,22
6742,15
6743,14
6744,21
6745,7
6746,19
6747,19
6748,18
6749,0
6750,11
6751,25
6752,8
6753,18
6754,18
6755,17
6756,25
6757,3
6758,20
6759,8
6760,21
6761,5
6762,20
6763,13
6764,15
6765,7
6766,5
6767,15
6768,25
6769,17
6770,0
6771,17
6772,3
6773,17
6774,5
6775,5
6776,21
6777,9
6778,3
6779,5
6780,10
6781,10
6782,18
6783,9
6784,25
6785,25
6786,2
6787,4
6788,15
6789,2
6790,13
6791,2
6792,5
6793,9
6794,22
6795,10
6796,6
6797,17
6798,10
6799,23
6800,17
6801,21
6802,9
6803,1
6804,8
6805,16
6806,15
6807,2
6808,17
6809,20
6810,3
6811,1
6812,13
6813,21
6814,15
6815,19
6816,9
6817,1
6818,3
6819,20
6820,6
6821,5
6822,16
6823,10
6824,22
6825,9
6826,12
6827,23
6828,20
6829,6
6830,13
6831,9
6832,8
6833,18
6834,8
6835,24
6836,1
6837,21
6838,23
6839,16
6840,2
6841,14
6842,11
6843,20
6844,24
6845,13
6846,23
6847,15
6848,4
6849,0
6850,3
6851,22
6852,22
6853,11
6854,21
6855,4
6856,7
6857,5
6858,12
6859,15
6860,24
6861,4
6862,17
6863,13
6864,23
6865,11
6866,20
6867,7
6868,24
6869,5
6870,18
6871,12
6872,9
6873,8
6874,24
6875,4
6876,6
6877,9
6878,10
6879,2
6880,17
6881,12
6882,23
6883,9
6884,1
6885,13
6886,17
6887,13
6888,16
6889,6
6890,25
6891,22
6892,2
6893,21
6894,4
6895,25
6896,2
6897,24
6898,24
6899,22
6900,3
6901,1
6902,4
6903,24
6904,14
6905,19
6906,19
6907,16
6908,10
6909,14
6910,10
6911,23
6912,3
6913,4
6914,5
6915,16
6916,16
6917,2
6918,9
6919,20
6920,14
6921,15
6922,1
6923,2
6924,3
6925,20
6926,12
6927,10
6928,16
6929,5
6930,9
6931,12
6932,24
6933,6
6934,7
6935,14
6936,0
6937,24
6938,2
6939,5
6940,4
6941,18
6942,8
6943,0
6944,8
6945,7
6946,16
6947,25
6948,24
6949,10
6950,12
6951,23
6952,15
6953,5
6954,13
6955,14
6956,25
6957,9
6958,8
6959,6
6960,24
6961,6
6962,2
6963,0
6964,21
6965,8
6966,9
6967,21
6968,11
6969,10
6970,2
6971,5
6972,5
6973,17
6974,12
6975,22
6976,14
6977,1
6978,16
6979,5
6980,20
6981,22
6982,14
6983,22
6984,19
6985,11
6986,5
6987,18
6988,1
6989,6
6990,21
6991,1
6992,20
6993,1
6994,3
6995,24
6996,24
6997,19
6998,17
6999,6
7000,11
7001,0
7002,21
7003,23
7004,4
7005,17
7006,1
7007,12
7008,22
7009,0
7010,20
7011,7
7012,5
7013,8
7014,16
7015,18
7016,0
7017,3
7018,10
7019,24
7020,24
7021,12
7022,13
7023,6
7024,19
7025,17
7026,9
7027,13
7028,24
7029,18
7030,10
7031,23
7032,10
7033,6
7034,18
7035,14
7036,19
7037,22
7038,6
7039,19
7040,13
7041,13
7042,4
7043,15
7044,0
7045,21
7046,0
7047,12
7048,23
7049,2
7050,1
7051,10
7052,11
7053,20
7054,25
7055,21
7056,14
7057,19
7058,23
7059,13
7060,11
7061,25
7062,19
7063,21
7064,24
7065,17
7066,22
7067,25
7068,23
7069,7
7070,0
7071,24
7072,11
7073,3
7074,3
7075,20
7076,18
7077,17
7078,19
7079,8
7080,21
7081,20
7082,6
7083,5
7084,13
7085,0
7086,0
7087,12
7088,18
7089,24
7090,17
7091,3
7092,23
7093,24
7094,8
7095,19
7096,20
7097,13
7098,21
7099,13
7100,8
7101,23
7102,20
7103,16
7104,11
7105,22
7106,11
7107,2
7108,24
7109,12
7110,10
7111,16
7112,25
7113,14
7114,14
7115,17
7116,5
7117,16
7118,14
7119,10
7120,6
7121,5
7122,12
7123,22
7124,9
7125,5
7126,11
7127,2
7128,19
7129,18
7130,14
7131,14
7132,9
7133,6
7134,24
7135,4
7136,4
7137,16
7138,25
7139,13
7140,15
7141,12
7142,11
7143,15
7144,1
7145,21
7146,6
7147,13
7148,5
7149,2
7150,2
7151,15
7152,23
7153,20
7154,18
7155,14
7156,21
7157,5
7158,7
7159,15
7160,3
7161,19
7162,7
7163,0
7164,19
7165,23
7166,7
7167,1
7168,4
7169,11
7170,22
7171,1
7172,16
7173,16
7174,19
7175,23
7176,16
7177,19
7178,1
7179,14
7180,19
7181,15
7182,9
7183,0
7184,2
7185,22
7186,15
7187,24
7188,17
7189,9
7190,8
7191,9
7192,14
7193,19
7194,18
7195,0
7196,24
7197,21
7198,4
7199,4
7200,7
7201,13
7202,3
7203,25
7204,14
7205,21
7206,19
7207,17
7208,0
7209,1
7210,1
7211,19
7212,23
7213,23
7214,9
7215,22
7216,3
7217,18
7218,15
7219,15
7220,2
7221,2
7222,4
7223,9
7224,13
7225,13
7226,9
7227,11
7228,1
7229,15
7230,1
7231,20
7232,11
7233,5
7234,22
7235,11
7236,2
7237,1
7238,4
7239,19
7240,11
7241,22
7242,8
7243,10
7244,14
7245,17
7246,20
7247,11
7248,24
7249,15
7250,6
7251,3
7252,19
7253,19
7254,25
7255,15
7256,5
7257,23
7258,6
7259,8
7260,9
7261,13
7262,12
7263,18
7264,5
7265,6
7266,22
7267,20
7268,15
7269,8
7270,24
7271,24
7272,3
7273,19
7274,13
7275,4
7276,21
7277,15
7278,24
7279,15
7280,10
7281,3
7282,16
7283,5
7284,16
7285,21
7286,17
7287,3
7288,3
7289,0
7290,21
7291,1
7292,14
7293,25
7294,18
7295,8
7296,6
7297,13
7298,10
7299,18
7300,20
7301,15
7302,22
7303,10
7304,5
7305,21
7306,8
7307,22
7308,17
7309,1
7310,22
7311,11
7312,7
7313,25
7314,17
7315,24
7316,8
7317,5
7318,11
7319,17
7320,14
7321,9
7322,23
7323,2
7324,2
7325,8
7326,21
7327,1
7328,7
7329,15
7330,4
7331,19
7332,4
7333,24
7334,21
7335,17
7336,11
7337,11
7338,25
7339,14
7340,7
7341,21
7342,20
7343,11
7344,25
7345,3
7346,20
7347,13
7348,11
7349,12
7350,15
7351,2
7352,23
7353,11
7354,4
7355,7
7356,21
7357,4
7358,2
7359,17
7360,22
7361,22
7362,14
7363,12
7364,8
7365,12
7366,12
7367,13
7368,20
7369,16
7370,15
7371,12
7372,9
7373,14
7374,20
7375,0
7376,0
7377,7
7378,20
7379,13
7380,17
7381,1
7382,7
7383,16
7384,16
7385,13
7386,13
7387,24
7388,22
7389,3
7390,22
7391,20
7392,7
7393,4
7394,3
7395,18
7396,3
7397,5
7398,1
7399,8
7400,0
7401,2
7402,6
7403,21
7404,8
7405,6
7406,8
7407,6
7408,24
7409,8
7410,19
7411,17
7412,11
7413,2
7414,23
7415,13
7416,10
7417,16
7418,21
7419,22
7420,10
7421,8
7422,9
7423,9
7424,21
7425,12
7426,6
7427,8
7428,25
7429,16
7430,24
7431,12
7432,4
7433,0
7434,11
7435,3
7436,16
7437,1
7438,1
7439,14
7440,3
7441,1
7442,21
7443,16
7444,19
7445,21
7446,1
7447,10
7448,7
7449,4
7450,3
7451,25
7452,19
7453,8
7454,6
7455,1
7456,1
7457,19
7458,16
7459,18
7460,12
7461,25
7462,23
7463,21
7464,0
7465,15
7466,21
7467,18
7468,4
7469,18
7470,23
7471,21
7472,19
7473,4
7474,16
7475,24
7476,14
7477,23
7478,3
7479,18
7480,13
7481,6
7482,13
7483,17
7484,4
7485,12
7486,11
7487,8
7488,4
7489,21
7490,21
7491,15
7492,1
7493,22
7494,8
7495,19
7496,25
7497,16
7498,8
7499,20
7500,12
7501,14
7502,5
7503,13
7504,11
7505,20
7506,24
7507,4
7508,17
7509,13
7510,9
7511,18
7512,16
7513,18
7514,2
7515,0
7516,19
7517,12
7518,14
7519,23
7520,10
7521,5
7522,4
7523,14
7524,23
7525,10
7526,17
7527,10
7528,25
7529,22
7530,9
7531,14
7532,9
7533,8
7534,14
7535,6
7536,1
7537,11
7538,24
7539,8
7540,11
7541,15
7542,12
7543,6
7544,24
7545,16
7546,21
7547,5
7548,19
7549,16
7550,9
7551,4
7552,16
7553,4
7554,24
7555,21
7556,24
7557,9
7558,9
7559,12
7560,22
7561,23
7562,5
7563,18
7564,21
7565,14
7566,14
7567,18
7568,6
7569,12
7570,1
7571,5
7572,12
7573,7
7574,16
7575,1
7576,11
7577,11
7578,10
7579,1
7580,13
7581,11
7582,0
7583,19
7584,18
7585,1
7586,0
7587,22
7588,11
7589,25
7590,10
7591,21
7592,13
7593,15
7594,9
7595,4
7596,19
7597,22
7598,16
7599,1
7600,0
7601,15
7602,21
7603,12
7604,17
7605,5
7606,15
7607,21
7608,7
7609,0
7610,11
7611,24
7612,0
7613,4
7614,23
7615,8
7616,15
7617,14
7618,12
7619,24
7620,24
7621,13
7622,8
7623,7
7624,13
7625,0
7626,2
7627,17
7628,17
7629,20
7630,4
7631,23
7632,3
7633,14
7634,2
7635,9
7636,4
7637,25
7638,10
7639,14
7640,16
7641,23
7642,10
7643,17
7644,12
7645,22
7646,11
7647,22
7648,17
7649,23
7650,18
7651,8
7652,19
7653,11
7654,16
7655,5
7656,6
7657,21
7658,20
7659,5
7660,25
7661,25
7662,25
7663,1
7664,10
7665,24
7666,9
7667,13
7668,19
7669,7
7670,16
7671,18
7672,14
7673,19
7674,9
7675,23
7676,4
7677,21
7678,16
7679,3
7680,15
7681,18
7682,13
7683,0
7684,3
7685,14
7686,6
7687,4
7688,10
7689,19
7690,0
7691,14
7692,16
7693,13
7694,13
7695,20
7696,0
7697,23
7698,1
7699,17
7700,19
7701,4
7702,19
7703,15
7704,5
7705,25
7706,3
7707,12
7708,21
7709,2
7710,22
7711,23
7712,5
7713,15
7714,17
7715,7
7716,14
7717,24
7718,16
7719,11
7720,14
7721,6
7722,21
7723,20
7724,3
7725,5
7726,15
7727,15
7728,24
7729,24
7730,19
7731,14
7732,4
7733,25
7734,0
7735,24
7736,6
7737,5
7738,11
7739,8
7740,9
7741,23
7742,18
7743,22
7744,24
7745,3
7746,20
7747,22
7748,11
7749,19
7750,19
7751,17
7752,7
7753,25
7754,21
7755,18
7756,22
7757,15
7758,25
7759,18
7760,5
7761,23
7762,20
7763,14
7764,23
7765,21
7766,3
7767,15
7768,21
7769,14
7770,19
7771,0
7772,24
7773,1
7774,8
7775,2
7776,5
7777,21
7778,20
7779,18
7780,10
7781,20
7782,1
7783,0
7784,1
7785,5
7786,8
7787,4
7788,20
7789,16
7790,10
7791,7
7792,14
7793,3
7794,11
7795,12
7796,24
7797,22
7798,22
7799,25
7800,14
7801,22
7802,9
7803,16
7804,11
7805,11
7806,21
7807,3
7808,14
7809,12
7810,14
7811,8
7812,17
7813,25
7814,0
7815,1
7816,23
7817,6
7818,24
7819,13
7820,7
7821,1
7822,18
7823,0
7824,8
7825,22
7826,7
7827,22
7828,11
7829,1
7830,10
7831,14
7832,12
7833,0
7834,10
7835,16
7836,18
7837,24
7838,19
7839,10
7840,13
7841,1
7842,14
7843,7
7844,1
7845,18
7846,18
7847,5
7848,10
7849,3
7850,1
7851,5
7852,4
7853,9
7854,17
7855,23
7856,12
7857,8
7858,1
7859,8
7860,19
7861,23
7862,7
7863,6
7864,6
7865,5
7866,4
7867,13
7868,18
7869,20
7870,14
7871,23
7872,8
7873,7
7874,20
7875,22
7876,9
7877,22
7878,14
7879,1
7880,22
7881,23
7882,16
7883,25
7884,7
7885,24
7886,16
7887,17
7888,8
7889,14
7890,15
7891,2
7892,13
7893,1
7894,24
7895,15
7896,23
7897,10
7898,8
7899,22
7900,1
7901,5
7902,16
7903,8
7904,23
7905,20
7906,0
7907,0
7908,9
7909,24
7910,25
7911,6
7912,25
7913,11
7914,4
7915,10
7916,5
7917,3
7918,12
7919,21
7920,13
7921,1
7922,0
7923,23
7924,3
7925,1
7926,14
7927,7
7928,7
7929,12
7930,12
7931,23
7932,22
7933,19
7934,21
7935,0
7936,11
7937,16
7938,14
7939,16
7940,18
7941,18
7942,22
7943,4
7944,11
7945,2
7946,13
7947,13
7948,21
7949,15
7950,8
7951,11
7952,12
7953,0
7954,3
7955,12
7956,2
7957,25
7958,1
7959,0
7960,22
7961,1
7962,19
7963,13
7964,12
7965,22
7966,0
7967,24
7968,22
7969,21
7970,12
7971,4
7972,2
7973,7
7974,5
7975,21
7976,21
7977,11
7978,3
7979,15
7980,19
7981,7
7982,19
7983,13
7984,13
7985,12
7986,21
7987,1
7988,17
7989,16
7990,11
7991,10
7992,3
7993,12
7994,2
7995,10
7996,4
7997,21
7998,20
7999,11
8000,25
8001,12
8002,21
8003,16
8004,22
8005,15
8006,24
8007,0
8008,22
8009,18
8010,3
8011,3
8012,23
8013,16
8014,22
8015,1
8016,6
8017,21
8018,12
8019,17
8020,13
8021,15
8022,19
8023,21
8024,2
8025,4
8026,5
8027,22
8028,1
8029,16
8030,0
8031,2
8032,17
8033,23
8034,9
8035,9
8036,5
8037,1
8038,10
8039,21
8040,7
8041,25
8042,24
8043,15
8044,25
8045,22
8046,19
8047,16
8048,10
8049,4
8050,19
8051,1
8052,3
8053,11
8054,6
8055,0
8056,3
8057,16
8058,24
8059,25
8060,8
8061,10
8062,20
8063,10
8064,9
8065,23
8066,8
8067,0
8068,7
8069,24
8070,2
8071,3
8072,19
8073,13
8074,8
8075,10
8076,1
8077,24
8078,22
8079,9
8080,3
8081,7
8082,21
8083,22
8084,12
8085,15
8086,18
8087,17
8088,12
8089,22
8090,13
8091,23
8092,1
8093,8
8094,3
8095,4
8096,1
8097,9
8098,9
8099,1
8100,20
8101,1
8102,24
8103,21
8104,14
8105,8
8106,1
8107,14
8108,14
8109,24
8110,2
8111,3
8112,18
8113,18
8114,10
8115,9
8116,17
8117,3
8118,23
8119,7
8120,1
8121,17
8122,8
8123,16
8124,21
8125,17
8126,12
8127,22
8128,18
8129,3
8130,14
8131,15
8132,9
8133,11
8134,11
8135,18
8136,5
8137,13
8138,0
8139,25
8140,9
8141,24
8142,18
8143,18
8144,20
8145,10
8146,16
8147,7
8148,18
8149,16
8150,6
8151,23
8152,5
8153,25
8154,16
8155,18
8156,20
8157,10
8158,20
8159,3
8160,18
8161,25
8162,9
8163,12
8164,14
8165,16
8166,16
8167,6
8168,14
8169,9
8170,11
8171,12
8172,8
8173,15
8174,3
8175,1
8176,1
8177,17
8178,18
8179,19
8180,10
8181,6
8182,1
8183,22
8184,4
8185,23
8186,18
8187,2
8188,5
8189,10
8190,4
8191,11
8192,4
8193,6
8194,8
8195,21
8196,19
8197,10
8198,7
8199,9
8200,15
8201,5
8202,11
8203,18
8204,1
8205,23
8206,8
8207,5
8208,11
8209,12
8210,0
8211,18
8212,9
8213,5
8214,24
8215,23
8216,22
8217,23
8218,11
8219,10
8220,23
8221,19
8222,16
8223,23
8224,18
8225,10
8226,9
8227,8
8228,0
8229,7
8230,22
8231,7
8232,17
8233,9
8234,0
8235,17
8236,7
8237,23
8238,21
8239,25
8240,16
8241,17
8242,5
8243,25
8244,0
8245,3
8246,2
8247,10
8248,18
8249,13
8250,19
8251,24
8252,10
8253,12
8254,20
8255,15
8256,17
8257,20
8258,2
8259,10
8260,24
8261,23
8262,0
8263,9
8264,19
8265,15
8266,1
8267,0
8268,22
8269,2
8270,20
8271,21
8272,20
8273,21
8274,6
8275,4
8276,25
8277,19
8278,4
8279,2
8280,15
8281,19
8282,22
8283,0
8284,21
8285,4
8286,10
8287,5
8288,14
8289,10
8290,6
8291,14
8292,18
8293,9
8294,17
8295,24
8296,6
8297,3
8298,0
8299,25
8300,19
8301,14
8302,20
8303,10
8304,10
8305,3
8306,20
8307,1
8308,22
8309,5
8310,2
8311,8
8312,2
8313,20
8314,8
8315,24
8316,10
8317,16
8318,8
8319,12
8320,8
8321,1
8322,17
8323,20
8324,2
8325,16
8326,20
8327,8
8328,2
8329,6
8330,0
8331,5
8332,17
8333,1
8334,3
8335,1
8336,10
8337,12
8338,16
8339,13
8340,19
8341,6
8342,1
8343,21
8344,15
8345,1
8346,20
8347,0
8348,15
8349,25
8350,14
8351,11
8352,16
8353,10
8354,19
8355,4
8356,25
8357,12
8358,6
8359,18
8360,18
8361,2
8362,13
8363,22
8364,1
8365,17
8366,6
8367,16
8368,18
8369,11
8370,15
8371,12
8372,6
8373,11
8374,24
8375,9
8376,25
8377,6
8378,17
8379,14
8380,14
8381,9
8382,1
8383,21
8384,20
8385,22
8386,25
8387,1
8388,18
8389,12
8390,24
8391,12
8392,0
8393,19
8394,3
8395,0
8396,22
8397,5
8398,6
8399,1
8400,10
8401,17
8402,1
8403,16
8404,13
8405,10
8406,15
8407,20
8408,12
8409,0
8410,20
8411,11
8412,10
8413,22
8414,18
8415,9
8416,0
8417,16
8418,7
8419,15
8420,7
8421,24
8422,22
8423,14
8424,10
8425,19
8426,24
8427,22
8428,14
8429,1
8430,6
8431,11
8432,24
8433,18
8434,21
8435,21
8436,24
8437,14
8438,14
8439,12
8440,22
8441,9
8442,7
8443,22
8444,13
8445,24
8446,18
8447,9
8448,11
8449,11
8450,20
8451,5
8452,22
8453,0
8454,14
8455,9
8456,7
8457,17
8458,9
8459,23
8460,17
8461,17
8462,25
8463,8
8464,15
8465,18
8466,17
8467,16
8468,20
8469,20
8470,20
8471,0
8472,12
8473,17
8474,14
8475,11
8476,25
8477,25
8478,21
8479,8
8480,10
8481,9
8482,17
8483,0
8484,18
8485,22
8486,11
8487,8
8488,3
8489,8
8490,23
8491,12
8492,0
8493,1
8494,17
8495,9
8496,7
8497,2
8498,13
8499,21
8500,1
8501,2
8502,15
8503,25
8504,6
8505,4
8506,8
8507,22
8508,16
8509,23
8510,2
8511,17
8512,19
8513,22
8514,8
8515,22
8516,5
8517,4
8518,4
8519,23
8520,13
8521,9
8522,1
8523,12
8524,0
8525,10
8526,22
8527,25
8528,20
8529,24
8530,11
8531,22
8532,4
8533,11
8534,14
8535,15
8536,22
8537,18
8538,1
8539,5
8540,16
8541,18
8542,22
8543,14
8544,0
8545,5
8546,21
8547,18
8548,2
8549,1
8550,25
8551,18
8552,9
8553,23
8554,17
8555,21
8556,12
8557,24
8558,25
8559,12
8560,21
8561,21
8562,14
8563,11
8564,25
8565,3
8566,10
8567,9
8568,0
8569,3
8570,19
8571,0
8572,7
8573,6
8574,20
8575,17
8576,3
8577,14
8578,9
8579,8
8580,9
8581,16
8582,11
8583,22
8584,21
8585,25
8586,1
8587,9
8588,17
8589,12
8590,17
8591,6
8592,11
8593,5
8594,8
8595,5
8596,11
8597,2
8598,1
8599,7
8600,2
8601,17
8602,9
8603,13
8604,6
8605,19
8606,21
8607,5
8608,3
8609,4
8610,24
8611,4
8612,19
8613,19
8614,20
8615,11
8616,22
8617,21
8618,5
8619,20
8620,0
8621,23
8622,21
8623,13
8624,18
8625,13
8626,14
8627,16
8628,2
8629,14
8630,13
8631,6
8632,18
8633,22
8634,18
8635,1
8636,12
8637,23
8638,7
8639,14
8640,22
8641,4
8642,1
8643,8
8644,5
8645,5
8646,23
8647,9
8648,3
8649,11
8650,11
8651,14
8652,4
8653,5
8654,20
8655,2
8656,19
8657,24
8658,17
8659,17
8660,0
8661,4
8662,13
8663,2
8664,18
8665,15
8666,24
8667,7
8668,12
8669,23
8670,16
8671,3
8672,19
8673,3
8674,13
8675,2
8676,16
8677,8
8678,25
8679,2
8680,5
8681,25
8682,19
8683,21
8684,7
8685,4
8686,11
8687,24
8688,25
8689,21
8690,24
8691,13
8692,13
8693,19
8694,12
8695,8
8696,25
8697,16
8698,5
8699,19
8700,24
8701,11
8702,24
8703,17
8704,4
8705,24
8706,6
8707,19
8708,22
8709,7
8710,14
8711,3
8712,2
8713,0
8714,0
8715,22
8716,16
8717,9
8718,8
8719,1
8720,14
8721,8
8722,19
8723,18
8724,12
8725,12
8726,16
8727,21
8728,16
8729,15
8730,13
8731,18
8732,9
8733,5
8734,15
8735,10
8736,8
8737,18
8738,6
8739,23
8740,20
8741,0
8742,24
8743,25
8744,13
8745,2
8746,12
8747,5
8748,4
8749,22
8750,24
8751,6
8752,18
8753,12
8754,7
8755,11
8756,4
8757,7
8758,23
8759,11
8760,8
8761,22
8762,9
8763,4
8764,23
8765,7
8766,0
8767,3
8768,6
8769,22
8770,3
8771,20
8772,4
8773,3
8774,14
8775,2
8776,10
8777,22
8778,6
8779,14
8780,1
8781,19
8782,18
8783,8
8784,6
8785,18
8786,0
8787,15
8788,20
8789,20
8790,24
8791,23
8792,10
8793,4
8794,22
8795,24
8796,17
8797,9
8798,25
8799,20
8800,15
8801,14
8802,14
8803,14
8804,8
8805,4
8806,10
8807,13
8808,12
8809,1
8810,4
8811,3
8812,13
8813,15
8814,2
8815,6
8816,14
8817,16
8818,12
8819,25
8820,18
8821,15
8822,4
8823,7
8824,7
8825,0
8826,14
8827,7
8828,6
8829,10
8830,14
8831,15
8832,17
8833,25
8834,20
8835,14
8836,4
8837,23
8838,3
8839,22
8840,15
8841,4
8842,3
8843,0
8844,5
8845,11
8846,17
8847,16
8848,3
8849,12
8850,3
8851,19
8852,21
8853,18
8854,25
8855,7
8856,10
8857,3
8858,20
8859,23
8860,12
8861,15
8862,9
8863,6
8864,7
8865,5
8866,11
8867,10
8868,4
8869,10
8870,8
8871,9
8872,25
8873,21
8874,14
8875,25
8876,6
8877,25
8878,1
8879,2
8880,24
8881,2
8882,0
8883,16
8884,7
8885,6
8886,9
8887,8
8888,11
8889,10
8890,6
8891,21
8892,16
8893,7
8894,4
8895,11
8896,1
8897,15
8898,4
8899,11
8900,19
8901,12
8902,24
8903,19
8904,20
8905,10
8906,6
8907,8
8908,4
8909,0
8910,19
8911,5
8912,13
8913,17
8914,16
8915,2
8916,14
8917,17
8918,4
8919,8
8920,23
8921,5
8922,15
8923,12
8924,18
8925,18
8926,16
8927,14
8928,12
8929,23
8930,3
8931,14
8932,24
8933,7
8934,4
8935,22
8936,0
8937,0
8938,25
8939,15
8940,23
8941,12
8942,9
8943,2
8944,24
8945,13
8946,19
8947,12
8948,25
8949,6
8950,13
8951,12
8952,22
8953,25
8954,24
8955,23
8956,8
8957,4
8958,10
8959,4
8960,21
8961,2
8962,8
8963,5
8964,11
8965,8
8966,1
8967,12
8968,9
8969,11
8970,25
8971,16
8972,14
8973,21
8974,15
8975,5
8976,9
8977,14
8978,20
8979,8
8980,8
8981,18
8982,9
8983,19
8984,13
8985,0
8986,23
8987,14
8988,2
8989,24
8990,1
8991,23
8992,24
8993,19
8994,21
8995,9
8996,15
8997,2
8998,5
8999,18
9000,8
9001,11
9002,1
9003,14
9004,2
9005,6
9006,22
9007,16
9008,3
9009,2
9010,2
9011,12
9012,25
9013,5
9014,12
9015,12
9016,5
9017,10
9018,17
9019,23
9020,17
9021,13
9022,24
9023,14
9024,25
9025,8
9026,16
9027,12
9028,15
9029,17
9030,13
9031,0
9032,7
9033,18
9034,4
9035,21
9036,2
9037,24
9038,25
9039,15
9040,17
9041,18
9042,25
9043,18
9044,15
9045,1
9046,25
9047,9
9048,16
9049,2
9050,6
9051,14
9052,10
9053,15
9054,23
9055,9
9056,16
9057,21
9058,5
9059,11
9060,22
9061,22
9062,24
9063,10
9064,20
9065,4
9066,15
9067,0
9068,17
9069,21
9070,4
9071,3
9072,24
9073,23
9074,15
9075,12
9076,25
9077,13
9078,18
9079,3
9080,10
9081,0
9082,15
9083,16
9084,19
9085,8
9086,23
9087,15
9088,13
9089,15
9090,0
9091,6
9092,24
9093,11
9094,24
9095,21
9096,20
9097,13
9098,16
9099,3
9100,20
9101,23
9102,8
9103,18
9104,13
9105,19
9106,9
9107,7
9108,22
9109,25
9110,22
9111,20
9112,2
9113,19
9114,22
9115,23
9116,23
9117,4
9118,3
9119,18
9120,21
9121,24
9122,10
9123,5
9124,16
9125,4
9126,19
9127,14
9128,15
9129,18
9130,24
9131,22
9132,3
9133,10
9134,22
9135,1
9136,4
9137,22
9138,20
9139,21
9140,19
9141,7
9142,0
9143,7
9144,15
9145,1
9146,20
9147,0
9148,0
9149,25
9150,9
9151,7
9152,6
9153,25
9154,10
9155,12
9156,7
9157,4
9158,0
9159,1
9160,8
9161,9
9162,5
9163,25
9164,1
9165,18
9166,0
9167,14
9168,3
9169,4
9170,19
9171,7
9172,8
9173,16
9174,10
9175,18
9176,6
9177,9
9178,24
9179,9
9180,11
9181,21
9182,17
9183,25
9184,2
9185,24
9186,4
9187,20
9188,13
9189,14
9190,23
9191,17
9192,17
9193,2
9194,3
9195,19
9196,6
9197,11
9198,3
9199,1
9200,14
9201,12
9202,19
9203,15
9204,21
9205,1
9206,19
9207,3
9208,22
9209,24
9210,15
9211,2
9212,11
9213,21
9214,12
9215,15
9216,5
9217,25
9218,2
9219,1
9220,11
9221,8
9222,25
9223,16
9224,6
9225,22
9226,15
9227,3
9228,25
9229,19
9230,21
9231,3
9232,11
9233,13
9234,9
9235,8
9236,18
9237,2
9238,19
9239,22
9240,6
9241,4
9242,1
9243,21
9244,0
9245,12
9246,1
9247,4
9248,25
9249,7
9250,3
9251,16
9252,1
9253,15
9254,3
9255,15
9256,16
9257,1
9258,20
9259,5
9260,18
9261,8
9262,25
9263,19
9264,25
9265,7
9266,7
9267,20
9268,7
9269,13
9270,4
9271,16
9272,4
9273,6
9274,3
9275,6
9276,3
9277,20
9278,16
9279,20
9280,7
9281,10
9282,22
9283,25
9284,15
9285,20
9286,14
9287,24
9288,21
9289,14
9290,23
9291,1
9292,12
9293,13
9294,18
9295,3
9296,6
9297,3
9298,15
9299,18
9300,21
9301,6
9302,20
9303,5
9304,2
9305,22
9306,17
9307,9
9308,8
9309,11
9310,20
9311,4
9312,23
9313,23
9314,14
9315,18
9316,7
9317,7
9318,16
9319,2
9320,18
9321,4
9322,13
9323,13
9324,20
9325,15
9326,19
9327,18
9328,21
9329,20
9330,18
9331,20
9332,9
9333,11
9334,12
9335,14
9336,23
9337,24
9338,4
9339,12
9340,14
9341,0
9342,2
9343,10
9344,17
9345,25
9346,18
9347,5
9348,18
9349,1
9350,20
9351,23
9352,9
9353,0
9354,24
9355,11
9356,2
9357,25
9358,25
9359,14
9360,11
9361,20
9362,13
9363,3
9364,17
9365,3
9366,12
9367,10
9368,16
9369,0
9370,14
9371,16
9372,19
9373,12
9374,11
9375,3
9376,18
9377,15
9378,8
9379,21
9380,12
9381,10
9382,12
9383,17
9384,15
9385,14
9386,8
9387,7
9388,2
9389,10
9390,5
9391,0
9392,20
9393,25
9394,2
9395,2
9396,14
9397,23
9398,9
9399,2
9400,22
9401,15
9402,7
9403,15
9404,16
9405,8
9406,12
9407,18
9408,18
9409,22
9410,13
9411,11
9412,4
9413,4
9414,6
9415,22
9416,8
9417,18
9418,19
9419,17
9420,22
9421,0
9422,24
9423,2
9424,20
9425,13
9426,21
9427,24
9428,20
9429,4
9430,23
9431,24
9432,3
9433,9
9434,1
9435,19
9436,7
9437,1
9438,5
9439,17
9440,21
9441,11
9442,11
9443,5
9444,14
9445,3
9446,8
9447,6
9448,4
9449,3
9450,1
9451,10
9452,8
9453,0
9454,0
9455,1
9456,2
9457,5
9458,5
9459,22
9460,7
9461,12
9462,0
9463,23
9464,25
9465,16
9466,9
9467,3
9468,24
9469,17
9470,7
9471,22
9472,12
9473,13
9474,24
9475,8
9476,15
9477,18
9478,3
9479,14
9480,9
9481,0
9482,16
9483,15
9484,13
9485,7
9486,5
9487,2
9488,17
9489,20
9490,6
9491,17
9492,7
9493,3
9494,19
9495,19
9496,11
9497,8
9498,20
9499,11
9500,22
9501,20
9502,0
9503,2
9504,9
9505,23
9506,11
9507,5
9508,18
9509,7
9510,6
9511,6
9512,20
9513,7
9514,18
9515,25
9516,25
9517,19
9518,19
9519,22
9520,16
9521,19
9522,15
9523,10
9524,23
9525,8
9526,16
9527,13
9528,0
9529,24
9530,19
9531,4
9532,3
9533,10
9534,24
9535,9
9536,1
9537,3
9538,11
9539,19
9540,13
9541,18
9542,9
9543,15
9544,9
9545,19
9546,4
9547,17
9548,15
9549,4
9550,12
9551,6
9552,0
9553,21
9554,1
9555,20
9556,10
9557,8
9558,15
9559,17
9560,8
9561,15
9562,11
9563,23
9564,22
9565,14
9566,1
9567,4
9568,24
9569,3
9570,3
9571,22
9572,20
9573,21
9574,18
9575,11
9576,24
9577,19
9578,20
9579,24
9580,21
9581,20
9582,13
9583,3
9584,18
9585,18
9586,24
9587,13
9588,18
9589,16
9590,22
9591,19
9592,12
9593,25
9594,22
9595,12
9596,22
9597,25
9598,21
9599,23
9600,11
9601,11
9602,4
9603,1
9604,6
9605,23
9606,25
9607,12
9608,2
9609,17
9610,5
9611,21
9612,4
9613,1
9614,20
9615,16
9616,5
9617,24
9618,25
9619,24
9620,12
9621,0
9622,9
9623,17
9624,12
9625,25
9626,4
9627,10
9628,23
9629,1
9630,6
9631,7
9632,4
9633,21
9634,24
9635,1
9636,0
9637,12
9638,23
9639,25
9640,0
9641,1
9642,23
9643,2
9644,16
9645,13
9646,7
9647,11
9648,11
9649,23
9650,8
9651,23
9652,12
9653,13
9654,18
9655,9
9656,24
9657,0
9658,22
9659,21
9660,5
9661,3
9662,20
9663,11
9664,5
9665,1
9666,5
9667,2
9668,10
9669,0
9670,10
9671,24
9672,14
9673,15
9674,22
9675,23
9676,18
9677,2
9678,25
9679,14
9680,13
9681,14
9682,0
9683,11
9684,19
9685,8
9686,5
9687,9
9688,1
9689,16
9690,18
9691,12
9692,6
9693,6
9694,11
9695,20
9696,21
9697,0
9698,21
9699,17
9700,3
9701,25
9702,3
9703,21
9704,25
9705,7
9706,4
9707,5
9708,24
9709,1
9710,1
9711,20
9712,7
9713,13
9714,17
9715,13
9716,20
9717,14
9718,8
9719,10
9720,6
9721,25
9722,19
9723,21
9724,7
9725,15
9726,2
9727,15
9728,2
9729,11
9730,18
9731,25
9732,7
9733,17
9734,11
9735,4
9736,3
9737,8
9738,6
9739,20
9740,6
9741,20
9742,19
9743,20
9744,21
9745,5
9746,10
9747,12
9748,20
9749,3
9750,22
9751,4
9752,9
9753,24
9754,15
9755,11
9756,6
9757,17
9758,18
9759,4
9760,18
9761,19
9762,3
9763,0
9764,0
9765,6
9766,13
9767,7
9768,11
9769,13
9770,19
9771,21
9772,15
9773,24
9774,20
9775,24
9776,6
9777,14
9778,2
9779,24
9780,10
9781,3
9782,23
9783,19
9784,13
9785,5
9786,6
9787,20
9788,22
9789,17
9790,14
9791,20
9792,21
9793,24
9794,7
9795,23
9796,17
9797,11
9798,8
9799,1
9800,9
9801,2
9802,1
9803,11
9804,3
9805,10
9806,10
9807,9
9808,25
9809,12
9810,20
9811,9
9812,25
9813,8
9814,17
9815,0
9816,4
9817,25
9818,11
9819,22
9820,0
9821,21
9822,12
9823,20
9824,25
9825,6
9826,1
9827,18
9828,23
9829,16
9830,24
9831,4
9832,25
9833,6
9834,2
9835,24
9836,17
9837,18
9838,2
9839,11
9840,24
9841,7
9842,8
9843,0
9844,4
9845,12
9846,15
9847,25
9848,8
9849,16
9850,16
9851,15
9852,24
9853,17
9854,1
9855,14
9856,12
9857,7
9858,0
9859,0
9860,10
9861,5
9862,19
9863,10
9864,14
9865,2
9866,23
9867,21
9868,1
9869,7
9870,22
9871,14
9872,3
9873,13
9874,19
9875,1
9876,19
9877,19
9878,21
9879,8
9880,6
9881,2
9882,0
9883,13
9884,3
9885,19
9886,11
9887,5
9888,11
9889,8
9890,8
9891,0
9892,19
9893,7
9894,16
9895,7
9896,7
9897,6
9898,6
9899,16
9900,0
9901,22
9902,20
9903,20
9904,10
9905,16
9906,0
9907,6
9908,7
9909,16
9910,21
9911,17
9912,19
9913,17
9914,0
9915,3
9916,14
9917,0
9918,22
9919,15
9920,17
9921,2
9922,25
9923,11
9924,17
9925,11
9926,0
9927,1
9928,15
9929,19
9930,25
9931,25
9932,13
9933,8
9934,14
9935,8
9936,5
9937,8
9938,12
9939,3
9940,14
9941,6
9942,21
9943,23
9944,12
9945,4
9946,14
9947,25
9948,18
9949,10
9950,16
9951,18
9952,14
9953,1
9954,21
9955,3
9956,8
9957,4
9958,9
9959,2
9960,14
9961,5
9962,15
9963,23
9964,5
9965,10
9966,3
9967,14
9968,18
9969,1
9970,3
9971,16
9972,9
9973,4
9974,21
9975,0
9976,2
9977,11
9978,7
9979,7
9980,12
9981,4
9982,5
9983,6
9984,0
9985,2
9986,3
9987,0
9988,16
9989,24
9990,19
9991,12
9992,20
9993,17
9994,11
9995,7
9996,10
9997,17
9998,17
9999,13
